phase_1_address,score,e911_address
114 S BINGHAM ST,1.0,114 S BINGHAM ST
1896 OLD JERUSALEM RD,1.0,1896 OLD JERUSALEM RD
14 CHURCH ST,1.0,14 CHURCH ST
24 PARK LN,1.0,24 PARK Ln
156 MIDDLE RD,1.0,156 MIDDLE RD
82 OLIVER HOWE CT,1.0,82 OLIVER HOWE CT
112 SCHOOL RD,1.0,112 SCHOOL RD
289 CROSS RD,1.0,289 CROSS RD
466 N ORWELL RD,1.0,466 N ORWELL RD
79 LEMON FAIR RD,1.0,79 LEMON FAIR RD
917 RIDGE RD,1.0,917 RIDGE RD
2151 RICHVILLE RD,1.0,2151 RICHVILLE RD
82 BARNES RD,1.0,82 BARNES RD
40 HIBBARD HILL RD,1.0,40 HIBBARD HILL RD
362 SHARD VILLA RD,1.0,362 SHARD VILLA RD
244 BARNUM HILL RD,1.0,244 BARNUM HILL RD
351 CROSS RD,1.0,351 CROSS RD
3536 W SALISBURY RD,1.0,3536 W SALISBURY RD
1262 SMITH ST,1.0,1262 SMITH ST
592 KELLEY CROSS RD,1.0,592 KELLEY CROSS RD
1307 DELONG RD,1.0,1307 DELONG RD
792 RICHVILLE RD,1.0,792 RICHVILLE RD
425 BARNUM HILL RD,1.0,425 BARNUM HILL RD
555 BARNUM HILL RD,1.0,555 BARNUM HILL RD
458 QUIET VALLEY RD,1.0,458 QUIET VALLEY RD
182 LEDGE LN,1.0,182 LEDGE Ln
8 CHURCH ST,1.0,8 CHURCH ST
1351 DEWEY RD,1.0,1351 DEWEY RD
245 ROYCE HILL RD,1.0,245 ROYCE HILL RD
1059 SHOREHAM DEPOT RD,1.0,1059 SHOREHAM DEPOT RD
417 KELLEY CROSS RD,1.0,417 KELLEY CROSS RD
456 MIDDLE RD,1.0,456 MIDDLE RD
1426 W SALISBURY RD,1.0,1426 W SALISBURY RD
361 KELLEY CROSS RD,1.0,361 KELLEY CROSS RD
625 LELAND RD,1.0,625 LELAND RD
36 N ORWELL RD,1.0,36 N ORWELL RD
99 INN RD,1.0,99 INN RD
179 MURRAY RD,1.0,179 MURRAY RD
1434 SMITH ST,1.0,1434 SMITH ST
1970 RICHVILLE RD,1.0,1970 RICHVILLE RD
338 PARKHILL RD,1.0,338 PARKHILL RD
736 LAKE ST,1.0,736 LAKE ST
300 DOOLITTLE RD,1.0,300 DOOLITTLE RD
2853 SMITH ST,1.0,2853 SMITH ST
2 DOUGLAS RD,1.0,2 DOUGLAS RD
360 DOUGLAS RD,1.0,360 DOUGLAS RD
567 ORCHARD RUN,1.0,567 ORCHARD RUN
81 SUNSET ORCHARD RD,1.0,81 SUNSET ORCHARD RD
805 SMITH ST,1.0,805 SMITH ST
257 BATES RD,1.0,257 BATES RD
507 SHACKSBORO RD,1.0,507 SHACKSBORO RD
2201 OLD JERUSALEM RD,1.0,2201 OLD JERUSALEM RD
456 N ORWELL RD,1.0,456 N ORWELL RD
3 SAMPSON RD,1.0,3 SAMPSON RD
283 STICKNEY RD,1.0,283 STICKNEY RD
146 SHARD VILLA RD,1.0,146 SHARD VILLA RD
2420 W SALISBURY RD,1.0,2420 W SALISBURY RD
18 N BINGHAM ST,1.0,18 N BINGHAM ST
40 RIDGE RD,1.0,40 RIDGE RD
1501 W SALISBURY RD,1.0,1501 W SALISBURY RD
23 N ORWELL RD,1.0,23 N ORWELL RD
19 ROYCE HILL RD,1.0,19 ROYCE HILL RD
285 N ORWELL RD,1.0,285 N ORWELL RD
156 S BINGHAM ST,1.0,156 S BINGHAM ST
2897 LAPHAM BAY RD,1.0,2897 LAPHAM BAY RD
96 ROYCE HILL RD,1.0,96 ROYCE HILL RD
288 SCHOOL ST,1.0,288 SCHOOL ST
1594 OLD JERUSALEM RD,1.0,1594 OLD JERUSALEM RD
1031 CLARK RD,1.0,1031 CLARK RD
626 SWAMP RD,1.0,626 SWAMP RD
704 COLUMBUS SMITH RD,1.0,704 COLUMBUS SMITH RD
784 COLUMBUS SMITH RD,1.0,784 COLUMBUS SMITH RD
1471 N ORWELL RD,1.0,1471 N ORWELL RD
20 STICKNEY RD,1.0,20 STICKNEY RD
214 BARNES RD,1.0,214 BARNES RD
855 MORGAN RD,1.0,855 MORGAN RD
124 PIDGEON RD E,1.0,124 PIDGEON RD E
1520 SPERRY RD,1.0,1520 SPERRY RD
780 PALMER RD,1.0,780 PALMER RD
103 CHURCH ST,1.0,103 CHURCH ST
1240 BUTTOLPH RD,1.0,1240 BUTTOLPH RD
2577 RICHVILLE RD,1.0,2577 RICHVILLE RD
1256 W SALISBURY RD,1.0,1256 W SALISBURY RD
2707 LAKE ST,1.0,2707 LAKE ST
2108 OLD JERUSALEM RD,1.0,2108 OLD JERUSALEM RD
616 DELONG LN,1.0,616 DELONG LN
158 DEWEY RD,1.0,158 DEWEY RD
1505 BROWN RD,1.0,1505 BROWN RD
1443 N ORWELL RD,1.0,1443 N ORWELL RD
2432 BARNUM HILL RD,1.0,2432 BARNUM HILL RD
813 WATCH POINT RD,1.0,813 WATCH POINT RD
1655 DELONG RD,1.0,1655 DELONG RD
907 HALLADAY RD,1.0,907 HALLADAY RD
694 DOOLITTLE RD,1.0,694 DOOLITTLE RD
499 WATCH POINT RD,1.0,499 WATCH POINT RD
127 SMITH ST,1.0,127 SMITH ST
382 ROBBINS RD,1.0,382 ROBBINS RD
241 BROWN RD,1.0,241 BROWN RD
157 APPLE TREE LN,1.0,157 APPLE TREE Ln
237 PIDGEON RD W,1.0,237 PIDGEON RD W
2367 HAPPY VALLEY RD,1.0,2367 HAPPY VALLEY RD
548 WATCH POINT RD,1.0,548 WATCH POINT RD
254 N ORWELL RD,1.0,254 N ORWELL RD
64 FISHER RD,1.0,64 FISHER RD
1460 SCHOOL ST,1.0,1460 SCHOOL ST
455 FISHER RD,1.0,455 FISHER RD
578 MORSE RD,1.0,578 MORSE RD
845 RICHVILLE RD,1.0,845 RICHVILLE RD
2383 CUTTING HILL RD,1.0,2383 CUTTING HILL RD
51 S BINGHAM ST,1.0,51 S BINGHAM ST
167 ORCHARD RUN,1.0,167 ORCHARD RUN
2218 W SALISBURY RD,1.0,2218 W SALISBURY RD
1671 RIDGE RD,1.0,1671 RIDGE RD
1777 RIDGE RD,1.0,1777 RIDGE RD
1645 CIDER MILL RD,1.0,1645 CIDER MILL RD
394 CIDER MILL RD,1.0,394 CIDER MILL RD
346 SPERRY RD,1.0,346 SPERRY RD
137 MIDDLE RD,1.0,137 MIDDLE RD
2454 CUTTING HILL RD,1.0,2454 CUTTING HILL RD
75 S BINGHAM ST,1.0,75 S BINGHAM ST
29 JAMES RD,1.0,29 JAMES RD
1740 DELONG RD,1.0,1740 DELONG RD
98 SHARD VILLA RD,1.0,98 SHARD VILLA RD
1549 N ORWELL RD,1.0,1549 N ORWELL RD
2784 RICHVILLE RD,1.0,2784 RICHVILLE RD
1950 SCHOOL ST,1.0,1950 SCHOOL ST
35 RICHVILLE RD,1.0,35 RICHVILLE RD
107 DAME RD,1.0,107 DAME RD
2003 SCHOOL ST,1.0,2003 SCHOOL ST
2378 HEMENWAY HILL RD,1.0,2378 HEMENWAY HILL RD
1047 BARNUM HILL RD,1.0,1047 BARNUM HILL RD
2274 SMITH ST,1.0,2274 SMITH ST
292 QUIET VALLEY RD,1.0,292 QUIET VALLEY RD
360 QUIET VALLEY RD,1.0,360 QUIET VALLEY RD
36 S BINGHAM ST,1.0,36 S BINGHAM ST
440 DELONG LN,1.0,440 DELONG LN
523 MIDDLE RD,1.0,523 MIDDLE RD
602 MAIN ST,1.0,602 MAIN ST
519 ROBBINS RD,1.0,519 ROBBINS RD
658 HARRINGTON HILL RD,1.0,658 HARRINGTON HILL RD
145 LAKE ST,1.0,145 LAKE ST
1519 DELONG RD,1.0,1519 DELONG RD
185 HOLMES LN,1.0,185 HOLMES LN
872 PARKHILL RD,1.0,872 PARKHILL RD
260 SHACKSBORO RD,1.0,260 SHACKSBORO RD
51 MOUNT INDEPENDENCE RD,1.0,51 MOUNT INDEPENDENCE RD
172 BEAVER BROOK RD,1.0,172 BEAVER BROOK RD
1696 LELAND RD,1.0,1696 LELAND RD
208 MURRAY RD,1.0,208 MURRAY RD
2137 N BINGHAM ST,1.0,2137 N BINGHAM ST
943 SHARD VILLA RD,1.0,943 SHARD VILLA RD
364 DELONG LN,1.0,364 DELONG LN
65 CHURCH ST,1.0,65 CHURCH ST
28 N ORWELL RD,1.0,28 N ORWELL RD
7 N ORWELL RD,1.0,7 N ORWELL RD
7 N ORWELL RD,1.0,7 N ORWELL RD
1691 N BINGHAM ST,1.0,1691 N BINGHAM ST
215 SCHOOL ST,1.0,215 SCHOOL ST
764 RICHVILLE RD,1.0,764 RICHVILLE RD
653 WOOSTER RD,1.0,653 WOOSTER RD
69 SPERRY RD,1.0,69 SPERRY RD
600 MAIN ST,1.0,600 MAIN ST
224 DOUGLAS RD,1.0,224 DOUGLAS RD
854 BASIN HARBOR RD,1.0,854 BASIN HARBOR RD
37 SHACKSBORO RD,1.0,37 SHACKSBORO RD
159 CEMETERY HILL RD,1.0,159 CEMETERY HILL RD
170 NEEDHAM HILL RD,1.0,170 NEEDHAM HILL RD
179 BOURDEAU RD,1.0,179 BOURDEAU RD
1870 SHACKSBORO RD,1.0,1870 SHACKSBORO RD
15 SAMPSON RD,1.0,15 SAMPSON RD
216 JAMES RD,1.0,216 JAMES RD
2219 W SALISBURY RD,1.0,2219 W SALISBURY RD
278 N ORWELL RD,1.0,278 N ORWELL RD
275 N ORWELL RD,1.0,275 N ORWELL RD
1576 MORGAN RD,1.0,1576 MORGAN RD
833 N BINGHAM ST,1.0,833 N BINGHAM ST
84 GALVIN RD,1.0,84 GALVIN RD
1342 SMITH ST,1.0,1342 SMITH ST
73 CHURCH ST,1.0,73 CHURCH ST
827 HALLADAY RD,1.0,827 HALLADAY RD
265 DOUGLAS RD,1.0,265 DOUGLAS RD
1921 N BINGHAM ST,1.0,1921 N BINGHAM ST
2446 DEWEY RD,1.0,2446 DEWEY RD
9 DESROCHER LN,1.0,9 DESROCHER Ln
131 CHURCH ST,1.0,131 CHURCH ST
140 OLD FOUNDRY RD,1.0,140 OLD FOUNDRY RD
212 PHILION RD,1.0,212 PHILION RD
462 SHOREHAM DEPOT RD,1.0,462 SHOREHAM DEPOT RD
812 WOOSTER RD,1.0,812 WOOSTER RD
628 DELONG LN,1.0,628 DELONG LN
940 JENISON RD,1.0,940 JENISON RD
86 CHURCH ST,1.0,86 CHURCH ST
505 MAIN ST,1.0,505 MAIN ST
85 CHURCH ST,1.0,85 CHURCH ST
142 PHILION RD,1.0,142 PHILION RD
123 DELONG RD,1.0,123 DELONG RD
1049 N CREAM HILL RD,1.0,1049 N CREAM HILL RD
851 CLARK RD,1.0,851 CLARK RD
28 CLARK RD,1.0,28 CLARK RD
704 MORGAN RD,1.0,704 MORGAN RD
428 DOOLITTLE RD,1.0,428 DOOLITTLE RD
532 DOOLITTLE RD,1.0,532 DOOLITTLE RD
31 CLARK RD,1.0,31 CLARK RD
489 RICHVILLE RD,1.0,489 RICHVILLE RD
332 MAIN ST,1.0,332 MAIN ST
697 ELMENDORF RD,1.0,697 ELMENDORF RD
195 HANSON RD,1.0,195 HANSON RD
43 BOURDEAU RD,1.0,43 BOURDEAU RD
498 W SALISBURY RD,1.0,498 W SALISBURY RD
48 CREEK RD,1.0,48 CREEK RD
461 TULLEY RD,1.0,461 TULLEY RD
13 N ORWELL RD,1.0,13 N ORWELL RD
2375 S BINGHAM ST,1.0,2375 S BINGHAM ST
68 DAIGNEAULT HILL RD,1.0,68 DAIGNEAULT HILL RD
659 N ORWELL RD,1.0,659 N ORWELL RD
81 CHURCH ST,1.0,81 CHURCH St
647 MORGAN RD,1.0,647 MORGAN RD
1153 WEBSTER RD,1.0,1153 WEBSTER RD
1762 RICHVILLE RD,1.0,1762 RICHVILLE RD
479 TOTTINGHAM RD,1.0,479 TOTTINGHAM RD
293 STICKNEY RD,1.0,293 STICKNEY RD
177 N ORWELL RD,1.0,177 N ORWELL RD
149 WILDFLOWER LN,1.0,149 WILDFLOWER Ln
972 HALLADAY RD,1.0,972 HALLADAY RD
23 OLD FOUNDRY RD,1.0,23 OLD FOUNDRY RD
84 CREEK RD,1.0,84 CREEK RD
2767 LAKE ST,1.0,2767 LAKE ST
1469 S BINGHAM ST,1.0,1469 S BINGHAM ST
63 N BINGHAM ST,1.0,63 N BINGHAM ST
47 N ORWELL RD,1.0,47 N ORWELL RD
419 WEBSTER RD,1.0,419 WEBSTER RD
1671 LELAND RD,1.0,1671 LELAND RD
13 SAMPSON RD,1.0,13 SAMPSON RD
1443 RIDGE RD,1.0,1443 RIDGE RD
144 HEMENWAY HILL RD,1.0,144 HEMENWAY HILL RD
2452 CUTTING HILL RD,1.0,2452 CUTTING HILL RD
350 DEWEY RD,1.0,350 DEWEY RD
1789 SHARD VILLA RD,1.0,1789 SHARD VILLA RD
1398 LELAND RD,1.0,1398 LELAND RD
163 STICKNEY RD,1.0,163 STICKNEY RD
299 N MAIN ST,1.0,299 N MAIN St
214 DEWEY RD,1.0,214 DEWEY RD
245 MAIN ST,1.0,245 MAIN ST
616 N MAIN ST,1.0,616 N MAIN St
4236 RICHVILLE RD,1.0,4236 RICHVILLE RD
279 MAIN ST,1.0,279 MAIN St
1559 DELONG RD,1.0,1559 DELONG RD
812 PARKHILL RD,1.0,812 PARKHILL RD
55 SHOREHAM DEPOT RD,1.0,55 SHOREHAM DEPOT RD
29 N ORWELL RD,1.0,29 N ORWELL RD
1017 RIDGE RD,1.0,1017 RIDGE RD
1509 N ORWELL RD,1.0,1509 N ORWELL RD
44 HEMENWAY HILL RD,1.0,44 HEMENWAY HILL RD
938 BASIN HARBOR RD,1.0,938 BASIN HARBOR RD
128 BATES RD,1.0,128 BATES RD
20 ROBBINS RD,1.0,20 ROBBINS RD
560 MAIN ST,1.0,560 MAIN ST
948 LAPHAM BAY RD,1.0,948 LAPHAM BAY RD
900 CIDER MILL RD,1.0,900 CIDER MILL RD
770 CIDER MILL RD,1.0,770 CIDER MILL RD
711 DELONG RD,1.0,711 DELONG RD
1367 SHACKSBORO RD,1.0,1367 SHACKSBORO RD
4467 RICHVILLE RD,1.0,4467 RICHVILLE RD
175 MEADOW LN,1.0,175 MEADOW LN
323 SHACKSBORO RD,1.0,323 SHACKSBORO RD
2011 N BINGHAM ST,1.0,2011 N BINGHAM ST
1332 CIDER MILL RD,1.0,1332 CIDER MILL RD
655 CIDER MILL RD,1.0,655 CIDER MILL RD
312 PALMER RD,1.0,312 PALMER RD
440 DEWEY RD,1.0,440 DEWEY RD
27 ANDRUS PITCH,1.0,27 ANDRUS PITCH
130 BEAVER BROOK RD,1.0,130 BEAVER BROOK RD
703 CIDER MILL RD,1.0,703 CIDER MILL RD
1091 LELAND RD,1.0,1091 LELAND RD
2240 SHARD VILLA RD,1.0,2240 SHARD VILLA RD
155 PIDGEON RD E,1.0,155 PIDGEON RD E
659 SHARD VILLA RD,1.0,659 SHARD VILLA RD
536 RICHVILLE RD,1.0,536 RICHVILLE RD
297 LAPHAM BAY RD,1.0,297 LAPHAM BAY RD
357 N ORWELL RD,1.0,357 N ORWELL RD
1928 LELAND RD,1.0,1928 LELAND RD
896 RIDGE RD,1.0,896 RIDGE RD
70 DEWEY RD,1.0,70 DEWEY RD
3143 RICHVILLE RD,1.0,3143 RICHVILLE RD
99 SUNSET ORCHARD RD,1.0,99 SUNSET ORCHARD RD
1712 SPERRY RD,1.0,1712 SPERRY RD
380 ROBBINS RD,1.0,380 ROBBINS RD
97 WILDFLOWER LN,1.0,97 WILDFLOWER Ln
979 BATES RD,1.0,979 BATES RD
457 CIDER MILL RD,1.0,457 CIDER MILL RD
1019 CIDER MILL RD,1.0,1019 CIDER MILL RD
4 MUTTON SQUARE RD,1.0,4 MUTTON SQUARE RD
311 COLUMBUS SMITH RD,1.0,311 COLUMBUS SMITH RD
341 DEWEY RD,1.0,341 DEWEY RD
648 TULLEY RD,1.0,648 TULLEY RD
1841 N BINGHAM ST,1.0,1841 N BINGHAM ST
1028 W SALISBURY RD,1.0,1028 W SALISBURY RD
881 RIDGE RD,1.0,881 RIDGE RD
21 SAMPSON RD,1.0,21 SAMPSON RD
961 RIDGE RD,1.0,961 RIDGE RD
156 N ORWELL RD,1.0,156 N ORWELL RD
23 CHURCH ST,1.0,23 CHURCH ST
46 CHURCH ST,1.0,46 CHURCH St
48 CHURCH ST,1.0,48 CHURCH St
310 MIDDLE RD,1.0,310 MIDDLE RD
273 ANDRUS PITCH,1.0,273 ANDRUS PITCH
282 LELAND RD,1.0,282 LELAND RD
1788 HALLADAY RD,1.0,1788 HALLADAY RD
239 N ORWELL RD,1.0,239 N ORWELL RD
548 JAMES RD,1.0,548 JAMES RD
118 MURRAY RD,1.0,118 MURRAY RD
883 COLUMBUS SMITH RD,1.0,883 COLUMBUS SMITH RD
4 MURRAY RD,1.0,4 MURRAY RD
213 MAIN ST,1.0,213 MAIN ST
1176 MORGAN RD,1.0,1176 MORGAN RD
859 MORGAN RD,1.0,859 MORGAN RD
422 DELONG LN,1.0,422 DELONG LN
2815 OLD JERUSALEM RD,1.0,2815 OLD JERUSALEM RD
385 MAIN ST,1.0,385 MAIN ST
215 LEDGE LN,1.0,215 LEDGE Ln
376 W SALISBURY RD,1.0,376 W SALISBURY RD
2296 MORSE RD,1.0,2296 MORSE RD
384 PEET RD,1.0,384 PEET RD
73 HORNBEAM HILL RD,1.0,73 HORNBEAM HILL RD
473 MAIN ST,1.0,473 MAIN ST
78 SMITH RD,1.0,78 SMITH RD
162 N ORWELL RD,1.0,162 N ORWELL RD
1293 SHACKSBORO RD,1.0,1293 SHACKSBORO RD
375 PALMER RD,1.0,375 PALMER RD
62 MURRAY RD,1.0,62 MURRAY RD
231 BOURDEAU RD,1.0,231 BOURDEAU RD
1121 GALVIN RD,1.0,1121 GALVIN RD
185 AUDET RD,1.0,185 AUDET RD
528 MORGAN RD,1.0,528 MORGAN RD
464 MAIN ST,1.0,464 MAIN ST
441 MAIN ST,1.0,441 MAIN ST
461 MAIN ST,1.0,461 MAIN ST
138 DELONG LN,1.0,138 DELONG LN
727 FISHER RD,1.0,727 FISHER RD
1887 OLD JERUSALEM RD,1.0,1887 OLD JERUSALEM RD
909 SMITH ST,1.0,909 SMITH ST
2335 OLD JERUSALEM RD,1.0,2335 OLD JERUSALEM RD
308 MAIN ST,1.0,308 MAIN ST
862 W SALISBURY RD,1.0,862 W SALISBURY RD
724 PARKHILL RD,1.0,724 PARKHILL RD
406 S BINGHAM ST,1.0,406 S BINGHAM ST
1932 LELAND RD,1.0,1932 LELAND RD
52 LEWIS RD,1.0,52 LEWIS RD
771 WEBSTER RD,1.0,771 WEBSTER RD
83 INN RD,1.0,83 INN RD
190 LEWIS RD,1.0,190 LEWIS RD
564 CIDER MILL RD,1.0,564 CIDER MILL RD
137 BROWN LN,1.0,137 BROWN Ln
177 STICKNEY RD,1.0,177 STICKNEY RD
254 STICKNEY RD,1.0,254 STICKNEY RD
175 STICKNEY RD,1.0,175 STICKNEY RD
274 STICKNEY RD,1.0,274 STICKNEY RD
1454 RIDGE RD,1.0,1454 RIDGE RD
21 OLIVER HOWE CT,1.0,21 OLIVER HOWE CT
657 N BINGHAM ST,1.0,657 N BINGHAM ST
139 NEEDHAM HILL RD,1.0,139 NEEDHAM HILL RD
195 NEEDHAM HILL RD,1.0,195 NEEDHAM HILL RD
1252 WEBSTER RD,1.0,1252 WEBSTER RD
270 DUFFANY RD,1.0,270 DUFFANY RD
1402 LELAND RD,1.0,1402 LELAND RD
973 SHARD VILLA RD,1.0,973 SHARD VILLA RD
1207 HALLADAY RD,1.0,1207 HALLADAY RD
2719 LAKE ST,1.0,2719 LAKE ST
51 BEAUVAIS RD,1.0,51 BEAUVAIS RD
1468 SMITH ST,1.0,1468 SMITH ST
430 W SALISBURY RD,1.0,430 W SALISBURY RD
375 DOUGLAS RD,1.0,375 DOUGLAS RD
525 COLUMBUS SMITH RD,1.0,525 COLUMBUS SMITH RD
258 BUTTOLPH RD,1.0,258 BUTTOLPH RD
2644 SMITH ST,1.0,2644 SMITH ST
141 HEMENWAY HILL RD,1.0,141 HEMENWAY HILL RD
1715 DEWEY RD,1.0,1715 DEWEY RD
1710 SPERRY RD,1.0,1710 SPERRY RD
979 GALVIN RD,1.0,979 GALVIN RD
198 BARNES RD,1.0,198 BARNES RD
64 GIBEAULT RD,1.0,64 GIBEAULT RD
699 WITHERELL RD,1.0,699 WITHERELL RD
38 SCHOOL RD,1.0,38 SCHOOL RD
2155 S BINGHAM ST,1.0,2155 S BINGHAM ST
137 WOOSTER RD,1.0,137 WOOSTER RD
813 DELONG RD,1.0,813 DELONG RD
101 PAIGE RD,1.0,101 PAIGE RD
312 PEET RD,1.0,312 PEET RD
7 PEPPER LN,1.0,7 PEPPER Ln
1868 RICHVILLE RD,1.0,1868 RICHVILLE RD
1107 N BINGHAM ST,1.0,1107 N BINGHAM ST
1014 HALLADAY RD,1.0,1014 HALLADAY RD
1703 RIDGE RD,1.0,1703 RIDGE RD
1620 RIDGE RD,1.0,1620 RIDGE RD
1374 RIDGE RD,1.0,1374 RIDGE RD
364 BUTTOLPH RD,1.0,364 BUTTOLPH RD
507 PIDGEON RD W,1.0,507 PIDGEON RD W
563 PIDGEON RD W,1.0,563 PIDGEON RD W
438 PIDGEON RD W,1.0,438 PIDGEON RD W
648 PIDGEON RD W,1.0,648 PIDGEON RD W
195 LELAND RD,1.0,195 LELAND RD
44 SHARD VILLA RD,1.0,44 SHARD VILLA RD
615 SHARD VILLA RD,1.0,615 SHARD VILLA RD
1271 MIDDLE RD,1.0,1271 MIDDLE RD
433 PIDGEON RD W,1.0,433 PIDGEON RD W
351 GOODRICH RD,1.0,351 GOODRICH RD
258 OLD FOUNDRY RD,1.0,258 OLD FOUNDRY RD
2229 N CREAM HILL RD,1.0,2229 N CREAM HILL RD
1673 HEMENWAY HILL RD,1.0,1673 HEMENWAY HILL RD
15 DUFFANY RD,1.0,15 DUFFANY RD
1904 LELAND RD,1.0,1904 LELAND RD
872 N CREAM HILL RD,1.0,872 N CREAM HILL RD
947 N CREAM HILL RD,1.0,947 N CREAM HILL RD
167 DUFFANY RD,1.0,167 DUFFANY RD
886 QUIET VALLEY RD,1.0,886 QUIET VALLEY RD
1236 N BINGHAM ST,1.0,1236 N BINGHAM ST
315 RIGGS RD,1.0,315 RIGGS RD
39 LEMON FAIR RD,1.0,39 LEMON FAIR RD
1590 SPERRY RD,1.0,1590 SPERRY RD
3153 WATCH POINT RD,1.0,3153 WATCH POINT RD
2504 N BINGHAM ST,1.0,2504 N BINGHAM ST
1415 DELONG RD,1.0,1415 DELONG RD
95 WILDFLOWER LN,1.0,95 WILDFLOWER Ln
53 OLIVER HOWE CT,1.0,53 OLIVER HOWE CT
292 DELONG RD,1.0,292 DELONG RD
1078 DOOLITTLE RD,1.0,1078 DOOLITTLE RD
878 DOOLITTLE RD,1.0,878 DOOLITTLE RD
247 KERRFIELD DR,1.0,247 KERRFIELD DR
967 RICHVILLE RD,1.0,967 RICHVILLE RD
74 HANSON RD,1.0,74 HANSON RD
2733 BASIN HARBOR RD,1.0,2733 BASIN HARBOR RD
265 BARNES RD,1.0,265 BARNES RD
1209 CIDER MILL RD,1.0,1209 CIDER MILL RD
315 ANGEL RD,1.0,315 ANGEL RD
262 DUFFANY RD,1.0,262 DUFFANY RD
279 BARNES RD,1.0,279 BARNES RD
2196 LELAND RD,1.0,2196 LELAND RD
1426 SCHOOL ST,1.0,1426 SCHOOL ST
3905 RICHVILLE RD,1.0,3905 RICHVILLE RD
1102 SMITH ST,1.0,1102 SMITH ST
2190 LELAND RD,1.0,2190 LELAND RD
381 W SALISBURY RD,1.0,381 W SALISBURY RD
510 SPERRY RD,1.0,510 SPERRY RD
1400 SHARD VILLA RD,1.0,1400 SHARD VILLA RD
930 SHACKSBORO RD,1.0,930 SHACKSBORO RD
91 DOOLITTLE RD,1.0,91 DOOLITTLE RD
988 BASIN HARBOR RD,1.0,988 BASIN HARBOR RD
532 SHACKSBORO RD,1.0,532 SHACKSBORO RD
309 DOOLITTLE RD,1.0,309 DOOLITTLE RD
2255 BARNUM HILL RD,1.0,2255 BARNUM HILL RD
13 BEAUVAIS RD,1.0,13 BEAUVAIS RD
299 STICKNEY RD,1.0,299 STICKNEY RD
225 AUDET RD,1.0,225 AUDET RD
387 S BINGHAM ST,1.0,387 S BINGHAM ST
35 EDGEWOOD LN,1.0,35 EDGEWOOD Ln
496 COLUMBUS SMITH RD,1.0,496 COLUMBUS SMITH RD
125 N BINGHAM ST,1.0,125 N BINGHAM ST
262 DELONG LN,1.0,262 DELONG LN
140 ROYCE HILL RD,1.0,140 ROYCE HILL RD
332 LAPHAM BAY RD,1.0,332 LAPHAM BAY RD
869 WATCH POINT RD,1.0,869 WATCH POINT RD
1011 GALVIN RD,1.0,1011 GALVIN RD
1571 SPERRY RD,1.0,1571 SPERRY RD
1287 N BINGHAM ST,1.0,1287 N BINGHAM ST
1335 N BINGHAM ST,1.0,1335 N BINGHAM ST
889 N ORWELL RD,1.0,889 N ORWELL RD
323 N BINGHAM ST,1.0,323 N BINGHAM ST
226 HOLMES LN,1.0,226 HOLMES LN
744 MORGAN RD,1.0,744 MORGAN RD
321 N BINGHAM ST,1.0,321 N BINGHAM ST
188 JAMES RD,1.0,188 JAMES RD
187 BARNES RD,1.0,187 BARNES RD
351 S BINGHAM ST,1.0,351 S BINGHAM ST
998 N CREAM HILL RD,1.0,998 N CREAM HILL RD
1552 HALLADAY RD,1.0,1552 HALLADAY RD
669 BUTTOLPH RD,1.0,669 BUTTOLPH RD
738 BROWN RD,1.0,738 BROWN RD
901 N BINGHAM ST,1.0,901 N BINGHAM ST
358 SWAMP RD,1.0,358 SWAMP RD
659 THREE MILE BRIDGE RD,1.0,659 THREE MILE BRIDGE RD
148 NEEDHAM HILL RD,1.0,148 NEEDHAM HILL RD
916 SHARD VILLA RD,1.0,916 SHARD VILLA RD
10 HIBBARD HILL RD,0.6666666666666666,10 HIBBARD HILL
20 CHURCH ST,1.0,20 CHURCH St
273 LELAND RD,1.0,273 LELAND RD
475 ELMENDORF RD,1.0,475 ELMENDORF RD
655 COLUMBUS SMITH RD,1.0,655 COLUMBUS SMITH RD
1301 CIDER MILL RD,1.0,1301 CIDER MILL RD
1148 CIDER MILL RD,1.0,1148 CIDER MILL RD
44 OLIVER HOWE CT,1.0,44 OLIVER HOWE CT
1447 W SALISBURY RD,1.0,1447 W SALISBURY RD
201 FISHER RD,1.0,201 FISHER RD
1 COOK RD,1.0,1 COOK RD
985 THREE MILE BRIDGE RD,1.0,985 THREE MILE BRIDGE RD
475 DOOLITTLE RD,1.0,475 DOOLITTLE RD
695 DOOLITTLE RD,1.0,695 DOOLITTLE RD
24 MUTTON SQUARE RD,1.0,24 MUTTON SQUARE RD
199 MAIN ST,1.0,199 MAIN ST
277 TOTTINGHAM RD,1.0,277 TOTTINGHAM RD
469 FOOTE FARM RD,1.0,469 FOOTE FARM RD
30 SHOREHAM DEPOT RD,1.0,30 SHOREHAM DEPOT RD
138 ELMENDORF RD,1.0,138 ELMENDORF RD
2298 N BINGHAM ST,1.0,2298 N BINGHAM ST
1523 RICHVILLE RD,1.0,1523 RICHVILLE RD
535 SPERRY RD,1.0,535 SPERRY RD
68 PHILION RD,1.0,68 PHILION RD
158 NEEDHAM HILL RD,1.0,158 NEEDHAM HILL RD
19 FISHER RD,1.0,19 FISHER RD
280 MAIN ST,1.0,280 MAIN ST
1813 HALLADAY RD,1.0,1813 HALLADAY RD
51 INN RD,1.0,51 INN RD
350 DUFFANY RD,1.0,350 DUFFANY RD
212 STICKNEY RD,1.0,212 STICKNEY RD
31 HORNBEAM HILL RD,1.0,31 HORNBEAM HILL RD
445 RICHVILLE RD,1.0,445 RICHVILLE RD
451 N ORWELL RD,1.0,451 N ORWELL RD
13 S BINGHAM ST,1.0,13 S BINGHAM ST
1272 CIDER MILL RD,1.0,1272 CIDER MILL RD
741 JENISON RD,1.0,741 JENISON RD
1674 SPERRY RD,1.0,1674 SPERRY RD
695 DEWEY RD,1.0,695 DEWEY RD
176 N ORWELL RD,1.0,176 N ORWELL RD
1723 SHARD VILLA RD,1.0,1723 SHARD VILLA RD
458 SWAMP RD,1.0,458 SWAMP RD
146 KERRFIELD DR,1.0,146 KERRFIELD DR
426 WATCH POINT RD,1.0,426 WATCH POINT RD
31 KERRFIELD DR,1.0,31 KERRFIELD DR
645 JENISON RD,1.0,645 JENISON RD
101 S BINGHAM ST,1.0,101 S BINGHAM ST
354 N MAIN ST,1.0,354 N MAIN St
432 ROBBINS RD,1.0,432 ROBBINS RD
73 LAKE ST,1.0,73 LAKE ST
124 HEMENWAY HILL RD,1.0,124 HEMENWAY HILL RD
1449 LAPHAM BAY RD,1.0,1449 LAPHAM BAY RD
845 LELAND RD,1.0,845 LELAND RD
1528 WOOSTER RD,1.0,1528 WOOSTER RD
676 PARKHILL RD,1.0,676 PARKHILL RD
300 DELONG LN,1.0,300 DELONG LN
400 MAIN ST,1.0,400 MAIN ST
219 BLAKE ROY RD,1.0,219 BLAKE ROY RD
1348 PEET RD,1.0,1348 PEET RD
553 WOOSTER RD,1.0,553 WOOSTER RD
6 SAMPSON RD,1.0,6 SAMPSON RD
5 SAMPSON RD,1.0,5 SAMPSON RD
34 CREEK RD,1.0,34 CREEK RD
228 COLUMBUS SMITH RD,1.0,228 COLUMBUS SMITH RD
11 INN RD,1.0,11 INN RD
155 CHURCH ST,1.0,155 CHURCH ST
212 ROYCE HILL RD,1.0,212 ROYCE HILL RD
18 SHOREHAM DEPOT RD,1.0,18 SHOREHAM DEPOT RD
201 LAPHAM BAY RD,1.0,201 LAPHAM BAY RD
175 MAIN ST,1.0,175 MAIN ST
1260 MORGAN RD,1.0,1260 MORGAN RD
346 MORSE RD,1.0,346 MORSE RD
615 MORSE RD,1.0,615 MORSE RD
835 MORSE RD,1.0,835 MORSE RD
685 WEBSTER RD,1.0,685 WEBSTER RD
398 DOUGLAS RD,1.0,398 DOUGLAS RD
183 OLD SAWMILL RD,1.0,183 OLD SAWMILL RD
72 ELMENDORF RD,1.0,72 ELMENDORF RD
1076 WOOSTER RD,1.0,1076 WOOSTER RD
1079 SMITH ST,1.0,1079 SMITH ST
656 JENISON RD,1.0,656 JENISON RD
410 MAIN ST,1.0,410 MAIN ST
1916 SMITH ST,1.0,1916 SMITH ST
239 CIDER MILL RD,1.0,239 CIDER MILL RD
1198 N CREAM HILL RD,1.0,1198 N CREAM HILL RD
1884 BASIN HARBOR RD,1.0,1884 BASIN HARBOR RD
296 PIDGEON RD E,1.0,296 PIDGEON RD E
472 WEBSTER RD,1.0,472 WEBSTER RD
510 W SALISBURY RD,1.0,510 W SALISBURY RD
1629 S BINGHAM ST,1.0,1629 S BINGHAM ST
574 SHARD VILLA RD,1.0,574 SHARD VILLA RD
1089 HALLADAY RD,1.0,1089 HALLADAY RD
85 CIDER MILL RD,1.0,85 CIDER MILL RD
1227 LAPHAM BAY RD,1.0,1227 LAPHAM BAY RD
21 MUTTON SQUARE RD,1.0,21 MUTTON SQUARE RD
681 CUTTING HILL RD,1.0,681 CUTTING HILL RD
894 MORGAN RD,1.0,894 MORGAN RD
28 HEMENWAY HILL RD,1.0,28 HEMENWAY HILL RD
2575 S BINGHAM ST,1.0,2575 S BINGHAM ST
125 STICKNEY RD,1.0,125 STICKNEY RD
421 N BINGHAM ST,1.0,421 N BINGHAM ST
625 SCHOOL ST,1.0,625 SCHOOL ST
985 N BINGHAM ST,1.0,985 N BINGHAM ST
138 ANGEL RD,1.0,138 ANGEL RD
1944 SPERRY RD,1.0,1944 SPERRY RD
141 BROWN RD,1.0,141 BROWN RD
825 CIDER MILL RD,1.0,825 CIDER MILL RD
96 DOOLITTLE RD,1.0,96 DOOLITTLE RD
1093 LELAND RD,1.0,1093 LELAND RD
262 N ORWELL RD,1.0,262 N ORWELL RD
2156 W SALISBURY RD,1.0,2156 W SALISBURY RD
2284 LELAND RD,1.0,2284 LELAND RD
186 BUTTOLPH RD,1.0,186 BUTTOLPH RD
1107 LELAND RD,1.0,1107 LELAND RD
1447 SMITH ST,1.0,1447 SMITH ST
1844 HALLADAY RD,1.0,1844 HALLADAY RD
199 MORGAN RD,1.0,199 MORGAN RD
117 BROWN LN,1.0,117 BROWN Ln
1299 S BINGHAM ST,1.0,1299 S BINGHAM ST
1409 LAPHAM BAY RD,1.0,1409 LAPHAM BAY RD
1467 QUIET VALLEY RD,1.0,1467 QUIET VALLEY RD
2505 DEWEY RD,1.0,2505 DEWEY RD
1594 N ORWELL RD,1.0,1594 N ORWELL RD
1363 S BINGHAM ST,1.0,1363 S BINGHAM ST
2350 W SALISBURY RD,1.0,2350 W SALISBURY RD
8 N ORWELL RD,1.0,8 N ORWELL RD
440 THREE MILE BRIDGE RD,1.0,440 THREE MILE BRIDGE RD
2 SAMPSON RD,1.0,2 SAMPSON RD
2806 SMITH ST,1.0,2806 SMITH ST
3332 BASIN HARBOR RD,1.0,3332 BASIN HARBOR RD
286 HANDS COVE RD,1.0,286 HANDS COVE RD
72 CREEK RD,1.0,72 CREEK RD
153 MAIN ST,1.0,153 MAIN ST
143 STICKNEY RD,1.0,143 STICKNEY RD
221 BARNES RD,1.0,221 BARNES RD
36 BARNES RD,1.0,36 BARNES RD
1118 MORGAN RD,1.0,1118 MORGAN RD
144 LEDGE LN,1.0,144 LEDGE Ln
297 S BINGHAM ST,1.0,297 S BINGHAM ST
639 SPERRY RD,1.0,639 SPERRY RD
462 S BINGHAM ST,1.0,462 S BINGHAM ST
517 SNAKE MOUNTAIN RD,1.0,517 SNAKE MOUNTAIN RD
187 NEEDHAM HILL RD,1.0,187 NEEDHAM HILL RD
980 WOOSTER RD,1.0,980 WOOSTER RD
7 CHURCH ST,1.0,7 CHURCH St
1595 DELONG RD,1.0,1595 DELONG RD
450 CUTTING HILL RD,1.0,450 CUTTING HILL RD
550 CUTTING HILL RD,1.0,550 CUTTING HILL RD
3113 RICHVILLE RD,1.0,3113 RICHVILLE RD
322 STICKNEY RD,1.0,322 STICKNEY RD
7 OLD FOUNDRY RD,1.0,7 OLD FOUNDRY RD
631 N CREAM HILL RD,1.0,631 N CREAM HILL RD
426 CUTTING HILL RD,1.0,426 CUTTING HILL RD
1029 RICHVILLE RD,1.0,1029 RICHVILLE RD
1120 W SALISBURY RD,1.0,1120 W SALISBURY RD
116 CAROTHERS LN,1.0,116 CAROTHERS Ln
380 FOOTE FARM RD,1.0,380 FOOTE FARM RD
1211 SMITH ST,1.0,1211 SMITH ST
674 MIDDLE RD,1.0,674 MIDDLE RD
2461 N BINGHAM ST,1.0,2461 N BINGHAM ST
234 SCHOOL ST,1.0,234 SCHOOL ST
362 MAIN ST,1.0,362 MAIN ST
121 PIDGEON RD W,1.0,121 PIDGEON RD W
160 HANSON RD,1.0,160 HANSON RD
379 N ORWELL RD,1.0,379 N ORWELL RD
1646 HALLADAY RD,1.0,1646 HALLADAY RD
647 ANDRUS PITCH,1.0,647 ANDRUS PITCH
360 CUTTING HILL RD,1.0,360 CUTTING HILL RD
64 SHARD VILLA RD,1.0,64 SHARD VILLA RD
2150 W SALISBURY RD,1.0,2150 W SALISBURY RD
490 SHARD VILLA RD,1.0,490 SHARD VILLA RD
1683 SPERRY RD,1.0,1683 SPERRY RD
171 MEADOW LN,1.0,171 MEADOW Ln
15 OLD FOUNDRY RD,1.0,15 OLD FOUNDRY RD
210 CIDER MILL RD,1.0,210 CIDER MILL RD
517 BASIN HARBOR RD,1.0,517 BASIN HARBOR RD
553 WITHERELL RD,1.0,553 WITHERELL RD
719 PARKHILL RD,1.0,719 PARKHILL RD
942 CIDER MILL RD,1.0,942 CIDER MILL RD
1623 BUTTOLPH RD,1.0,1623 BUTTOLPH RD
71 CLARK RD,1.0,71 CLARK RD
1186 HALLADAY RD,1.0,1186 HALLADAY RD
8 DOUGLAS RD,1.0,8 DOUGLAS RD
130 TI VIEW LN,1.0,130 TI VIEW LN
527 MAIN ST,1.0,527 MAIN ST
695 PALMER RD,1.0,695 PALMER RD
1127 N BINGHAM ST,1.0,1127 N BINGHAM ST
27 SAMPSON RD,1.0,27 SAMPSON RD
283 LITTLEFIELD LN,1.0,283 LITTLEFIELD LN
303 LITTLEFIELD LN,1.0,303 LITTLEFIELD LN
168 N ORWELL RD,1.0,168 N ORWELL RD
2630 OLD JERUSALEM RD,1.0,2630 OLD JERUSALEM RD
25 SAMPSON RD,1.0,25 SAMPSON RD
896 MORGAN RD,1.0,896 MORGAN RD
194 S BINGHAM ST,1.0,194 S BINGHAM ST
905 W SALISBURY RD,1.0,905 W SALISBURY RD
1131 S BINGHAM ST,1.0,1131 S BINGHAM ST
12 JAMES RD,1.0,12 JAMES RD
2317 MORSE RD,1.0,2317 MORSE RD
314 DOUGLAS RD,1.0,314 DOUGLAS RD
338 DELONG RD,1.0,338 DELONG RD
433 SPERRY RD,1.0,433 SPERRY RD
107 FIREHOUSE RD,1.0,107 FIREHOUSE RD
1190 HALLADAY RD,1.0,1190 HALLADAY RD
734 WITHERELL RD,1.0,734 WITHERELL RD
131 MAIN ST,1.0,131 MAIN ST
132 BROWN RD,1.0,132 BROWN RD
1359 RICHVILLE RD,1.0,1359 RICHVILLE RD
52 N ORWELL RD,1.0,52 N ORWELL RD
97 LITTLEFIELD LN,1.0,97 LITTLEFIELD LN
777 DEWEY RD,1.0,777 DEWEY RD
1563 W SALISBURY RD,1.0,1563 W SALISBURY RD
642 WEBSTER RD,1.0,642 WEBSTER RD
97 SHOREHAM DEPOT RD,1.0,97 SHOREHAM DEPOT RD
427 WOOSTER RD,1.0,427 WOOSTER RD
548 DELONG LN,1.0,548 DELONG LN
525 N BINGHAM ST,1.0,525 N BINGHAM ST
1515 CIDER MILL RD,1.0,1515 CIDER MILL RD
746 N BINGHAM ST,1.0,746 N BINGHAM ST
2034 MORSE RD,1.0,2034 MORSE RD
2663 WATCH POINT RD,1.0,2663 WATCH POINT RD
577 DEWEY RD,1.0,577 DEWEY RD
2017 MIDDLE RD,1.0,2017 MIDDLE RD
496 DEWEY RD,1.0,496 DEWEY RD
259 N ORWELL RD,1.0,259 N ORWELL RD
2570 S BINGHAM ST,1.0,2570 S BINGHAM ST
50 HIBBARD HILL RD,1.0,50 HIBBARD HILL RD
941 RICHVILLE RD,1.0,941 RICHVILLE RD
525 PALMER RD,1.0,525 PALMER RD
188 DELONG LN,1.0,188 DELONG LN
153 WILDFLOWER LN,1.0,153 WILDFLOWER Ln
435 MAIN ST,1.0,435 MAIN ST
191 N ORWELL RD,1.0,191 N ORWELL RD
1087 WITHERELL RD,1.0,1087 WITHERELL RD
191 MAIN ST,1.0,191 MAIN ST
66 DAIGNEAULT HILL RD,1.0,66 DAIGNEAULT HILL RD
82 TI VIEW LN,1.0,82 TI VIEW LN
2582 OLD JERUSALEM RD,1.0,2582 OLD JERUSALEM RD
2530 OLD JERUSALEM RD,1.0,2530 OLD JERUSALEM RD
647 W SALISBURY RD,1.0,647 W SALISBURY RD
148 CAROTHERS LN,1.0,148 CAROTHERS Ln
1413 BROWN RD,1.0,1413 BROWN RD
237 ROYCE HILL RD,1.0,237 ROYCE HILL RD
7 SAMPSON RD,1.0,7 SAMPSON RD
17 SHOREHAM DEPOT RD,1.0,17 SHOREHAM DEPOT RD
1266 BROWN RD,1.0,1266 BROWN RD
362 DOOLITTLE RD,1.0,362 DOOLITTLE RD
71 INN RD,1.0,71 INN RD
2744 WATCH POINT RD,1.0,2744 WATCH POINT RD
436 MAIN ST,1.0,436 MAIN ST
494 MAIN ST,1.0,494 MAIN ST
961 SHOREHAM DEPOT RD,1.0,961 SHOREHAM DEPOT RD
297 MAIN ST,1.0,297 MAIN St
23 INN RD,1.0,23 INN RD
445 SWAMP RD,1.0,445 SWAMP RD
29 DAIGNEAULT HILL RD,1.0,29 DAIGNEAULT HILL RD
60 STICKNEY RD,1.0,60 STICKNEY RD
179 CIDER MILL RD,1.0,179 CIDER MILL RD
289 BARNUM HILL RD,1.0,289 BARNUM HILL RD
70 GLEN VIEW DR,1.0,70 GLEN VIEW Dr
2538 S BINGHAM ST,1.0,2538 S BINGHAM ST
1575 N ORWELL RD,1.0,1575 N ORWELL RD
400 SCHOOL ST,1.0,400 SCHOOL ST
231 ROYCE HILL RD,1.0,231 ROYCE HILL RD
421 S BINGHAM ST,1.0,421 S BINGHAM ST
2413 SHACKSBORO RD,1.0,2413 SHACKSBORO RD
25 SHOREHAM DEPOT RD,1.0,25 SHOREHAM DEPOT RD
227 MAIN ST,1.0,227 MAIN ST
248 OLD FOUNDRY RD,1.0,248 OLD FOUNDRY RD
1874 MORGAN RD,1.0,1874 MORGAN RD
740 SHACKSBORO RD,1.0,740 SHACKSBORO RD
142 BILODEAU RD,1.0,142 BILODEAU RD
97 BROWN RD,1.0,97 BROWN RD
241 SCHOOL ST,1.0,241 SCHOOL ST
410 DELONG LN,1.0,410 DELONG LN
685 LAPHAM BAY RD,1.0,685 LAPHAM BAY RD
732 N CREAM HILL RD,1.0,732 N CREAM HILL RD
1027 HALLADAY RD,1.0,1027 HALLADAY RD
1402 SPERRY RD,1.0,1402 SPERRY RD
125 MORSE RD,1.0,125 MORSE RD
19 N BINGHAM ST,1.0,19 N BINGHAM ST
3122 LAPHAM BAY RD,1.0,3122 LAPHAM BAY RD
620 N CREAM HILL RD,1.0,620 N CREAM HILL RD
50 EDGEWOOD LN,1.0,50 EDGEWOOD Ln
214 LEDGE LN,1.0,214 LEDGE Ln
775 BASIN HARBOR RD,1.0,775 BASIN HARBOR RD
299 RIDGE RD,1.0,299 RIDGE RD
536 W SALISBURY RD,1.0,536 W SALISBURY RD
54 MURRAY RD,1.0,54 MURRAY RD
448 SCHOOL ST,1.0,448 SCHOOL ST
87 OLIVER HOWE CT,1.0,87 OLIVER HOWE CT
145 NEEDHAM HILL RD,1.0,145 NEEDHAM HILL RD
2615 OLD JERUSALEM RD,1.0,2615 OLD JERUSALEM RD
368 SCHOOL ST,1.0,368 SCHOOL ST
109 CHURCH ST,1.0,109 CHURCH ST
11 SAMPSON RD,1.0,11 SAMPSON RD
68 SHACKSBORO RD,1.0,68 SHACKSBORO RD
2513 W SALISBURY RD,1.0,2513 W SALISBURY RD
2182 MORSE RD,1.0,2182 MORSE RD
135 ROYCE HILL RD,1.0,135 ROYCE HILL RD
247 CEMETERY HILL RD,1.0,247 CEMETERY HILL RD
42 DUFFANY RD,1.0,42 DUFFANY RD
604 QUIET VALLEY RD,1.0,604 QUIET VALLEY RD
1863 BUTTOLPH RD,1.0,1863 BUTTOLPH RD
187 PARKHILL RD,1.0,187 PARKHILL RD
1340 S BINGHAM ST,1.0,1340 S BINGHAM ST
242 S BINGHAM ST,1.0,242 S BINGHAM ST
143 S BINGHAM ST,1.0,143 S BINGHAM ST
56 APPLE TREE LN,1.0,56 APPLE TREE Ln
1205 THREE MILE BRIDGE RD,1.0,1205 THREE MILE BRIDGE RD
119 ROYCE HILL RD,1.0,119 ROYCE HILL RD
1565 S BINGHAM ST,1.0,1565 S BINGHAM ST
1033 S BINGHAM ST,1.0,1033 S BINGHAM ST
297 LAKE ST,1.0,297 LAKE ST
490 PARKHILL RD,1.0,490 PARKHILL RD
145 ROYCE HILL RD,1.0,145 ROYCE HILL RD
783 RICHVILLE RD,1.0,783 RICHVILLE RD
2207 N BINGHAM ST,1.0,2207 N BINGHAM ST
302 OLD SAWMILL RD,1.0,302 OLD SAWMILL RD
298 OLD SAWMILL RD,1.0,298 OLD SAWMILL RD
223 N MAIN ST,1.0,223 N MAIN St
115 MAIN ST,1.0,115 MAIN St
150 GLEN VIEW DR,1.0,150 GLEN VIEW Dr
123 CUTTING HILL RD,1.0,123 CUTTING HILL RD
681 S BINGHAM ST,1.0,681 S BINGHAM ST
467 SHARD VILLA RD,1.0,467 SHARD VILLA RD
378 N MAIN ST,1.0,378 N MAIN St
24 GIBEAULT RD,1.0,24 GIBEAULT RD
1447 HALLADAY RD,1.0,1447 HALLADAY RD
3557 W SALISBURY RD,1.0,3557 W SALISBURY RD
277 N MAIN ST,1.0,277 N MAIN St
92 COLUMBUS SMITH RD,1.0,92 COLUMBUS SMITH RD
109 DEWEY RD,1.0,109 DEWEY RD
213 DEWEY RD,1.0,213 DEWEY RD
274 N ORWELL RD,1.0,274 N ORWELL RD
96 TI VIEW LN,1.0,96 TI VIEW LN
692 DELONG LN,1.0,692 DELONG LN
807 SMITH ST,1.0,807 SMITH ST
2665 OLD JERUSALEM RD,1.0,2665 OLD JERUSALEM RD
1756 SPERRY RD,1.0,1756 SPERRY RD
415 BUTTOLPH RD,1.0,415 BUTTOLPH RD
1031 LAPHAM BAY RD,1.0,1031 LAPHAM BAY RD
891 LAPHAM BAY RD,1.0,891 LAPHAM BAY RD
790 RIDGE RD,1.0,790 RIDGE RD
29 OLD FOUNDRY RD,1.0,29 OLD FOUNDRY RD
738 JENISON RD,1.0,738 JENISON RD
179 MORGAN RD,1.0,179 MORGAN RD
50 DAIGNEAULT HILL RD,1.0,50 DAIGNEAULT HILL RD
338 SHARD VILLA RD,1.0,338 SHARD VILLA RD
215 SUNSET ORCHARD RD,1.0,215 SUNSET ORCHARD RD
114 CROSS RD,1.0,114 CROSS RD
178 CROSS RD,1.0,178 CROSS RD
2051 W SALISBURY RD,1.0,2051 W SALISBURY RD
2153 W SALISBURY RD,1.0,2153 W SALISBURY RD
393 BLAKE ROY RD,1.0,393 BLAKE ROY RD
1971 W SALISBURY RD,1.0,1971 W SALISBURY RD
274 LEWIS RD,1.0,274 LEWIS RD
384 N BINGHAM ST,1.0,384 N BINGHAM ST
628 N BINGHAM ST,1.0,628 N BINGHAM ST
769 N BINGHAM ST,1.0,769 N BINGHAM ST
227 RIGGS RD,1.0,227 RIGGS RD
189 RIGGS RD,1.0,189 RIGGS RD
871 PARKHILL RD,1.0,871 PARKHILL RD
261 HAMBLIN RD,1.0,261 HAMBLIN RD
1672 SPERRY RD,1.0,1672 SPERRY RD
1265 S BINGHAM ST,1.0,1265 S BINGHAM ST
339 PARKHILL RD,1.0,339 PARKHILL RD
11 HAMBLIN RD,1.0,11 HAMBLIN RD
2112 S BINGHAM ST,1.0,2112 S BINGHAM ST
27 SHOREHAM DEPOT RD,1.0,27 SHOREHAM DEPOT RD
776 RIDGE RD,1.0,776 RIDGE RD
24 BEAUVAIS RD,1.0,24 BEAUVAIS RD
177 NEEDHAM HILL RD,1.0,177 NEEDHAM HILL RD
57 LAPHAM BAY RD,1.0,57 LAPHAM BAY RD
270 BARNES RD,1.0,270 BARNES RD
34 FOOTE FARM RD,1.0,34 FOOTE FARM RD
500 RIDGE RD,1.0,500 RIDGE RD
118 CAROTHERS LN,1.0,118 CAROTHERS LN
1153 CIDER MILL RD,1.0,1153 CIDER MILL RD
1573 SHACKSBORO RD,1.0,1573 SHACKSBORO RD
123 PHILION RD,1.0,123 PHILION RD
83 PHILION RD,1.0,83 PHILION RD
651 BLAKE ROY RD,1.0,651 BLAKE ROY RD
35 MOUNT INDEPENDENCE RD,1.0,35 MOUNT INDEPENDENCE RD
200 FISHER RD,1.0,200 FISHER RD
133 STICKNEY RD,1.0,133 STICKNEY RD
3225 RICHVILLE RD,1.0,3225 RICHVILLE RD
3394 RICHVILLE RD,1.0,3394 RICHVILLE RD
3 HEMENWAY HILL RD,1.0,3 HEMENWAY HILL RD
997 SHOREHAM DEPOT RD,1.0,997 SHOREHAM DEPOT RD
2898 BASIN HARBOR RD,1.0,2898 BASIN HARBOR RD
747 WATCH POINT RD,1.0,747 WATCH POINT RD
59 CHURCH ST,1.0,59 CHURCH ST
89 RIDGE RD,1.0,89 RIDGE RD
347 LAKE ST,1.0,347 LAKE ST
458 N ORWELL RD,1.0,458 N ORWELL RD
147 CROSS RD,1.0,147 CROSS RD
241 PIDGEON RD E,1.0,241 PIDGEON RD E
463 DELONG RD,1.0,463 DELONG RD
907 LELAND RD,1.0,907 LELAND RD
1456 HALLADAY RD,1.0,1456 HALLADAY RD
258 N MAIN ST,1.0,258 N MAIN St
520 TOTTINGHAM RD,1.0,520 TOTTINGHAM RD
56 MOUNT INDEPENDENCE RD,1.0,56 MOUNT INDEPENDENCE RD
188 AUDET RD,1.0,188 AUDET RD
287 SHARD VILLA RD,1.0,287 SHARD VILLA RD
438 WOOSTER RD,1.0,438 WOOSTER RD
925 HALLADAY RD,1.0,925 HALLADAY RD
380 N BINGHAM ST,1.0,380 N BINGHAM ST
832 WITHERELL RD,1.0,832 WITHERELL RD
3009 RICHVILLE RD,1.0,3009 RICHVILLE RD
2001 OLD JERUSALEM RD,1.0,2001 OLD JERUSALEM RD
75 DOUGLAS RD,1.0,75 DOUGLAS RD
51 MAIN ST,1.0,51 MAIN St
534 DELONG RD,1.0,534 DELONG RD
1849 SHARD VILLA RD,1.0,1849 SHARD VILLA RD
605 DELONG RD,1.0,605 DELONG RD
150 CAROTHERS LN,1.0,150 CAROTHERS Ln
192 JENISON RD,1.0,192 JENISON RD
486 JENISON RD,1.0,486 JENISON RD
2398 HAPPY VALLEY RD,1.0,2398 HAPPY VALLEY RD
164 NEEDHAM HILL RD,1.0,164 NEEDHAM HILL RD
628 DOOLITTLE RD,1.0,628 DOOLITTLE RD
2121 LELAND RD,1.0,2121 LELAND RD
2 N ORWELL RD,1.0,2 N ORWELL RD
1804 THREE MILE BRIDGE RD,1.0,1804 THREE MILE BRIDGE RD
34 CHURCH ST,1.0,34 CHURCH St
244 ROYCE HILL RD,1.0,244 ROYCE HILL RD
314 DELONG LN,1.0,314 DELONG LN
14 CLARK RD,1.0,14 CLARK RD
60 ROYCE HILL RD,1.0,60 ROYCE HILL RD
3 STICKNEY RD,1.0,3 STICKNEY RD
1265 HALLADAY RD,1.0,1265 HALLADAY RD
1036 MORGAN RD,1.0,1036 MORGAN RD
21 SMITH ST,1.0,21 SMITH ST
607 CIDER MILL RD,1.0,607 CIDER MILL RD
913 MORGAN RD,1.0,913 MORGAN RD
648 N MAIN ST,1.0,648 N MAIN St
3407 BASIN HARBOR RD,1.0,3407 BASIN HARBOR RD
20 MOUNT INDEPENDENCE RD,1.0,20 MOUNT INDEPENDENCE RD
282 DELONG LN,1.0,282 DELONG LN
88 TULLEY RD,1.0,88 TULLEY RD
3016 HEMENWAY HILL RD,1.0,3016 HEMENWAY HILL RD
1260 RIDGE RD,1.0,1260 RIDGE RD
1081 RIDGE RD,1.0,1081 RIDGE RD
1302 RIDGE RD,1.0,1302 RIDGE RD
785 RIDGE RD,1.0,785 RIDGE RD
1727 RICHVILLE RD,1.0,1727 RICHVILLE RD
194 OLD SAWMILL RD,1.0,194 OLD SAWMILL RD
193 SHOREHAM DEPOT RD,1.0,193 SHOREHAM DEPOT RD
442 KELLEY CROSS RD,1.0,442 KELLEY CROSS RD
1707 N CREAM HILL RD,1.0,1707 N CREAM HILL RD
436 N CREAM HILL RD,1.0,436 N CREAM HILL RD
270 N CREAM HILL RD,1.0,270 N CREAM HILL RD
55 CIDER MILL RD,1.0,55 CIDER MILL RD
2438 S BINGHAM ST,1.0,2438 S BINGHAM ST
843 TOTTINGHAM RD,1.0,843 TOTTINGHAM RD
649 HARRINGTON HILL RD,1.0,649 HARRINGTON HILL RD
3148 BASIN HARBOR RD,1.0,3148 BASIN HARBOR RD
1773 RICHVILLE RD,1.0,1773 RICHVILLE RD
876 SHOREHAM DEPOT RD,1.0,876 SHOREHAM DEPOT RD
419 LAPHAM BAY RD,1.0,419 LAPHAM BAY RD
35 HEMENWAY HILL RD,1.0,35 HEMENWAY HILL RD
1460 HALLADAY RD,1.0,1460 HALLADAY RD
164 SHOREHAM DEPOT RD,1.0,164 SHOREHAM DEPOT RD
94 PEARL RD,1.0,94 PEARL RD
342 FISHER RD,1.0,342 FISHER RD
431 N ORWELL RD,1.0,431 N ORWELL RD
84 SPERRY RD,1.0,84 SPERRY RD
1870 SHARD VILLA RD,1.0,1870 SHARD VILLA RD
1329 LAPHAM BAY RD,1.0,1329 LAPHAM BAY RD
2195 S BINGHAM ST,1.0,2195 S BINGHAM ST
1471 BROWN RD,1.0,1471 BROWN RD
45 N CREAM HILL RD,1.0,45 N CREAM HILL RD
205 MAIN ST,1.0,205 MAIN St
132 SWAMP RD,1.0,132 SWAMP RD
879 SHARD VILLA RD,1.0,879 SHARD VILLA RD
1166 HALLADAY RD,1.0,1166 HALLADAY RD
654 SCHOOL ST,1.0,654 SCHOOL ST
1623 SMITH ST,1.0,1623 SMITH ST
1048 BASIN HARBOR RD,1.0,1048 BASIN HARBOR RD
318 WITHERELL RD,1.0,318 WITHERELL RD
142 HEMENWAY HILL RD,1.0,142 HEMENWAY HILL RD
1235 SPERRY RD,1.0,1235 SPERRY RD
679 RICHVILLE RD,1.0,679 RICHVILLE RD
613 N MAIN ST,1.0,613 N MAIN St
106 BROWN LN,1.0,106 BROWN Ln
1667 CUTTING HILL RD,1.0,1667 CUTTING HILL RD
323 PEET RD,1.0,323 PEET RD
204 CLARK RD,1.0,204 CLARK RD
2841 WATCH POINT RD,1.0,2841 WATCH POINT RD
121 TI VIEW LN,1.0,121 TI VIEW LN
1041 N BINGHAM ST,1.0,1041 N BINGHAM ST
1495 THREE MILE BRIDGE RD,1.0,1495 THREE MILE BRIDGE RD
22 SLADE RD,1.0,22 SLADE RD
2528 HEMENWAY HILL RD,1.0,2528 HEMENWAY HILL RD
541 BASIN HARBOR RD,1.0,541 BASIN HARBOR RD
18 OLD FOUNDRY RD,1.0,18 OLD FOUNDRY RD
57 MEADOW LN,1.0,57 MEADOW Ln
75 MAIN ST,1.0,75 MAIN St
724 DELONG LN,1.0,724 DELONG LN
115 BARNES RD,1.0,115 BARNES RD
172 STICKNEY RD,1.0,172 STICKNEY RD
452 LELAND RD,1.0,452 LELAND RD
74 MAIN ST,1.0,74 MAIN St
1893 RICHVILLE RD,1.0,1893 RICHVILLE RD
29 SAMPSON RD,1.0,29 SAMPSON RD
951 MIDDLE RD,1.0,951 MIDDLE RD
79 SUNSET ORCHARD RD,1.0,79 SUNSET ORCHARD RD
405 SCHOOL ST,1.0,405 SCHOOL ST
1293 LELAND RD,1.0,1293 LELAND RD
1260 LELAND RD,1.0,1260 LELAND RD
896 LELAND RD,1.0,896 LELAND RD
1966 DEWEY RD,1.0,1966 DEWEY RD
3362 LAPHAM BAY RD,1.0,3362 LAPHAM BAY RD
2281 LELAND RD,1.0,2281 LELAND RD
811 BUTTOLPH RD,1.0,811 BUTTOLPH RD
249 OLD FOUNDRY RD,1.0,249 OLD FOUNDRY RD
1823 CUTTING HILL RD,1.0,1823 CUTTING HILL RD
2181 CUTTING HILL RD,1.0,2181 CUTTING HILL RD
2032 CUTTING HILL RD,1.0,2032 CUTTING HILL RD
324 N MAIN ST,1.0,324 N MAIN St
1048 N CREAM HILL RD,1.0,1048 N CREAM HILL RD
237 SHACKSBORO RD,1.0,237 SHACKSBORO RD
224 N ORWELL RD,1.0,224 N ORWELL RD
97 LAKE ST,1.0,97 LAKE ST
662 LELAND RD,1.0,662 LELAND RD
909 LELAND RD,1.0,909 LELAND RD
512 DELONG LN,1.0,512 DELONG LN
1787 SPERRY RD,1.0,1787 SPERRY RD
531 MAIN ST,1.0,531 MAIN ST
66 CHURCH ST,1.0,66 CHURCH ST
619 TOTTINGHAM RD,1.0,619 TOTTINGHAM RD
1516 PEET RD,1.0,1516 PEET RD
2392 LELAND RD,1.0,2392 LELAND RD
352 CIDER MILL RD,1.0,352 CIDER MILL RD
2321 W SALISBURY RD,1.0,2321 W SALISBURY RD
915 SNAKE MOUNTAIN RD,1.0,915 SNAKE MOUNTAIN RD
32 DOOLITTLE RD,1.0,32 DOOLITTLE RD
1104 N BINGHAM ST,1.0,1104 N BINGHAM ST
1341 HALLADAY RD,1.0,1341 HALLADAY RD
23 SAMPSON RD,1.0,23 SAMPSON RD
314 JAMES RD,1.0,314 JAMES RD
390 BLAKE ROY RD,1.0,390 BLAKE ROY RD
1377 W SALISBURY RD,1.0,1377 W SALISBURY RD
150 MURRAY RD,1.0,150 MURRAY RD
773 WITHERELL RD,1.0,773 WITHERELL RD
338 DELONG LN,1.0,338 DELONG LN
155 NEEDHAM HILL RD,1.0,155 NEEDHAM HILL RD
1331 S BINGHAM ST,1.0,1331 S BINGHAM ST
1188 THREE MILE BRIDGE RD,1.0,1188 THREE MILE BRIDGE RD
254 JAMES RD,1.0,254 JAMES RD
18 N ORWELL RD,1.0,18 N ORWELL RD
2769 RICHVILLE RD,1.0,2769 RICHVILLE RD
263 DOOLITTLE RD,1.0,263 DOOLITTLE RD
749 BARNUM HILL RD,1.0,749 BARNUM HILL RD
879 BUTTOLPH RD,1.0,879 BUTTOLPH RD
28 BUTTOLPH RD,1.0,28 BUTTOLPH RD
265 S BINGHAM ST,1.0,265 S BINGHAM ST
182 NEEDHAM HILL RD,1.0,182 NEEDHAM HILL RD
125 BROWN LN,1.0,125 BROWN Ln
1455 CIDER MILL RD,1.0,1455 CIDER MILL RD
8 SHARD VILLA RD,1.0,8 SHARD VILLA RD
329 N MAIN ST,1.0,329 N MAIN St
1387 LELAND RD,1.0,1387 LELAND RD
2068 SCHOOL ST,1.0,2068 SCHOOL ST
2290 HEMENWAY HILL RD,1.0,2290 HEMENWAY HILL RD
888 THREE MILE BRIDGE RD,1.0,888 THREE MILE BRIDGE RD
24 PEARL RD,1.0,24 PEARL RD
2139 QUIET VALLEY RD,1.0,2139 QUIET VALLEY RD
1316 N ORWELL RD,1.0,1316 N ORWELL RD
2525 SHACKSBORO RD,1.0,2525 SHACKSBORO RD
630 SHOREHAM DEPOT RD,1.0,630 SHOREHAM DEPOT RD
2711 RICHVILLE RD,1.0,2711 RICHVILLE RD
2450 CUTTING HILL RD,1.0,2450 CUTTING HILL RD
1132 SHARD VILLA RD,1.0,1132 SHARD VILLA RD
2112 MIDDLE RD,1.0,2112 MIDDLE RD
973 S BINGHAM ST,1.0,973 S BINGHAM ST
14 AUDET RD,1.0,14 AUDET RD
2280 DEWEY RD,1.0,2280 DEWEY RD
372 LAPHAM BAY RD,1.0,372 LAPHAM BAY RD
91 MURRAY RD,1.0,91 MURRAY RD
84 MURRAY RD,1.0,84 MURRAY RD
152 ROYCE HILL RD,1.0,152 ROYCE HILL RD
133 EDGEWOOD LN,1.0,133 EDGEWOOD Ln
35 SWAMP RD,1.0,35 SWAMP RD
216 DELONG RD,1.0,216 DELONG RD
2129 SHARD VILLA RD,1.0,2129 SHARD VILLA RD
977 BATES RD,1.0,977 BATES RD
101 HEMENWAY HILL RD,1.0,101 HEMENWAY HILL RD
814 LAPHAM BAY RD,1.0,814 LAPHAM BAY RD
721 TOTTINGHAM RD,1.0,721 TOTTINGHAM RD
160 WITHERELL RD,1.0,160 WITHERELL RD
727 CUTTING HILL RD,1.0,727 CUTTING HILL RD
949 CIDER MILL RD,1.0,949 CIDER MILL RD
1619 HALLADAY RD,1.0,1619 HALLADAY RD
1089 SPERRY RD,1.0,1089 SPERRY RD
1825 HEMENWAY HILL RD,1.0,1825 HEMENWAY HILL RD
272 CIDER MILL RD,1.0,272 CIDER MILL RD
652 DELONG LN,1.0,652 DELONG LN
1101 SNAKE MOUNTAIN RD,1.0,1101 SNAKE MOUNTAIN RD
342 SCHOOL ST,1.0,342 SCHOOL ST
431 SHACKSBORO RD,1.0,431 SHACKSBORO RD
285 CIDER MILL RD,1.0,285 CIDER MILL RD
308 LAPHAM BAY RD,1.0,308 LAPHAM BAY RD
572 RICHVILLE RD,1.0,572 RICHVILLE RD
399 MAIN ST,1.0,399 MAIN ST
1155 CIDER MILL RD,1.0,1155 CIDER MILL RD
3045 W SALISBURY RD,1.0,3045 W SALISBURY RD
1890 LELAND RD,1.0,1890 LELAND RD
159 N BINGHAM ST,1.0,159 N BINGHAM ST
81 DAIGNEAULT HILL RD,1.0,81 DAIGNEAULT HILL RD
77 N ORWELL RD,1.0,77 N ORWELL RD
1254 RICHVILLE RD,1.0,1254 RICHVILLE RD
99 ORCHARD RUN,1.0,99 ORCHARD RUN
1042 RIDGE RD,1.0,1042 RIDGE RD
104 ROYCE HILL RD,1.0,104 ROYCE HILL RD
1431 CIDER MILL RD,1.0,1431 CIDER MILL RD
223 ROYCE HILL RD,1.0,223 ROYCE HILL RD
10 DESROCHER LN,1.0,10 DESROCHER Ln
101 BOURDEAU RD,1.0,101 BOURDEAU RD
101 BROWN LN,1.0,101 BROWN Ln
101 CLARK RD,1.0,101 CLARK RD
123 LAMBERT LN,0.3333333333333333,123 LAMBEROUTE Ln
16 ROBERTS AVE,0.3333333333333333,16 ROBEROUTES AVE
28 ROBERTS AVE,0.3333333333333333,28 ROBEROUTES AVE
37 ROBERTS AVE,0.3333333333333333,37 ROBEROUTES AVE
46 ROBERTS AVE,0.3333333333333333,46 ROBEROUTES AVE
50 ROBERTS AVE,0.3333333333333333,50 ROBEROUTES AVE
56 ROBERTS AVE,0.3333333333333333,56 ROBEROUTES AVE
88 NORTH WIND LN,0.5,88 N WIND LN
1079 WEST ST,0.3333333333333333,1079 W St
1097 VT ROUTE 30,0.5,1097 VT ROUTE 100
1104 WEST ST,0.3333333333333333,1104 W St
1107 QUIET VALLEY RD,0.25,1107 QUARRY RD
1177 SHARD VILLA RD,0.25,1177 SWINTON RD
1186 WEST ST,0.3333333333333333,1186 W St
12 MOUNT INDEPENDENCE RD,0.5,12 MT INDEPENDENCE RD
1265 VT ROUTE 74 E,0.2,1265 ROUTE 74E
129 DAIGNEAULT HILL RD,0.5,129 DAIGNAULT HILL RD
1368 WEST ST,0.3333333333333333,1368 W St
137 COBBS CORNERS RD,0.5,137 COBBS CORNER RD
1397 WEST ST,0.3333333333333333,1397 W St
1399 VT ROUTE 30,0.6666666666666666,1399 ROUTE 30
140 CEDAR RIDGE DR,0.6666666666666666,140 CEDAR RIDGE
140 VT ROUTE 73,0.5,140 VT ROUTE 116
143 VT ROUTE 73,0.5,143 VT ROUTE 125
1458 WEST ST,0.3333333333333333,1458 W St
1465 WEST ST,0.3333333333333333,1465 W St
15 DAIGNEAULT HILL RD,0.5,15 DAIGNAULT HILL RD
152 FISHER RD,1.0,152 FISHER  RD
1599 VT ROUTE 30,0.6666666666666666,1599 ROUTE 30
161 FISHER RD,1.0,161 FISHER  RD
167 SNAKE MOUNTAIN RD,0.5,167 SNAKE MTN RD
1680 WEST ST,0.3333333333333333,1680 W St
1682 VT ROUTE 30,0.6666666666666666,1682 ROUTE 30
170 FISHER RD,0.6666666666666666,170 FISHER HILL RD
171 FISHER RD,1.0,171 FISHER  RD
175 COBBS CORNERS RD,0.5,175 COBBS CORNER RD
175 VT ROUTE 73,0.5,175 VT ROUTE 100
182 FISHER RD,1.0,182 FISHER  RD
185 FISHER RD,1.0,185 FISHER  RD
188 FISHER RD,1.0,188 FISHER  RD
190 NORTH RD,0.3333333333333333,190 N RD
190 ROBBINS RD EXT,0.6666666666666666,190 ROBBINS RD
1906 VT ROUTE 30,0.6666666666666666,1906 ROUTE 30
191 VT ROUTE 73,0.5,191 VT ROUTE 125
194 FISHER RD,1.0,194 FISHER  RD
1940 WEST ST,0.3333333333333333,1940 W St
195 FISHER RD,1.0,195 FISHER  RD
202 WEST RD,0.3333333333333333,202 W RD
203 VT ROUTE 73,0.4,203 VT ROUTE 22 A
205 CEDAR RIDGE DR,0.6666666666666666,205 CEDAR RIDGE
210 FISHER RD,1.0,210 FISHER  RD
2141 WEST ST,0.3333333333333333,2141 W St
216 WEST RD,0.3333333333333333,216 W RD
219 SNAKE MOUNTAIN RD,0.5,219 SNAKE MTN RD
220 FISHER RD,1.0,220 FISHER  RD
2205 WEST ST,0.3333333333333333,2205 W St
221 VT ROUTE 73,0.5,221 VT ROUTE 125
226 FISHER RD,1.0,226 FISHER  RD
226 WEST RD,0.3333333333333333,226 PLANK RD
235 WEST RD,0.3333333333333333,235 W RD
236 FISHER RD,1.0,236 FISHER  RD
236 WEST RD,0.3333333333333333,236 W RD
2394 VT ROUTE 30,0.5,2394 VT ROUTE 125
2413 SOUTH ST EXT,0.5,2413 S St EXT
246 FISHER RD,1.0,246 FISHER  RD
246 WEST RD,0.3333333333333333,246 W RD
249 NORTH RD,0.3333333333333333,249 N RD
25 CEDAR RIDGE DR,0.6666666666666666,25 CEDAR RIDGE
2533 SOUTH ST EXT,0.5,2533 S St EXT
2588 WEST ST,0.3333333333333333,2588 W St
26 HIBBARD HILL RD,0.6666666666666666,26 HIBBARD HILL
2623 WEST ST,0.3333333333333333,2623 W St
2648 WEST ST,0.3333333333333333,2648 W St
2663 WEST ST,0.3333333333333333,2663 W St
2669 SOUTH ST EXT,0.5,2669 S St EXT
268 WEST ST,0.3333333333333333,268 MAIN St
269 WEST RD,0.3333333333333333,269 W RD
2698 WEST ST,0.3333333333333333,2698 W St
27 MAPLE RDG,0.3333333333333333,27 MAPLE MANOR
270 WEST RD,0.3333333333333333,270 W RD
2703 WEST ST,0.3333333333333333,2703 W St
271 NORTH RD,0.3333333333333333,271 N RD
275 FISHER RD,1.0,275 FISHER  RD
2760 WEST ST,0.3333333333333333,2760 W St
277 WEST RD,0.3333333333333333,277 W RD
278 NORTH RD,0.3333333333333333,278 N RD
28 SCHOOL RD,0.5,28 SCHOOL HOUSE HILL RD
2815 SOUTH ST EXT,0.5,2815 S St EXT
2838 WEST ST,0.3333333333333333,2838 W St
287 COBBS CORNERS RD,0.5,287 COBBS CORNER RD
2886 VT ROUTE 74,0.6666666666666666,2886 ROUTE 74
289 FISHER RD,1.0,289 FISHER  RD
289 NORTH RD,0.3333333333333333,289 W RD
289 WEST RD,0.3333333333333333,289 W RD
290 COBBS CORNERS RD,0.5,290 COBBS CORNER RD
2901 VT ROUTE 30,0.6666666666666666,2901 ROUTE 30
2919 WEST ST,0.3333333333333333,2919 W St
294 FISHER RD,1.0,294 FISHER  RD
2949 VT ROUTE 22A,0.6666666666666666,2949 ROUTE 22A
2956 VT ROUTE 125,0.5,2956 VT ROUTE 22A
2963 VT ROUTE 30,0.6666666666666666,2963 ROUTE 30
297 NORTH RD,0.3333333333333333,297 N RD
298 FISHER RD,1.0,298 FISHER  RD
3001 VT ROUTE 30,0.6666666666666666,3001 ROUTE 30
3006 SOUTH ST EXT,0.5,3006 S St EXT
3039 VT ROUTE 22A,0.6666666666666666,3039 ROUTE 22A
3043 VT ROUTE 30,0.6666666666666666,3043 ROUTE 30
3052 SOUTH ST EXT,0.5,3052 S St EXT
3102 WEST ST,0.3333333333333333,3102 W St
3106 VT ROUTE 74 E,0.4,3106 VT ROUTE 125
3223 SOUTH ST EXT,0.5,3223 S St EXT
326 WEST RD,0.3333333333333333,326 W RD
3275 VT ROUTE 22A,0.6666666666666666,3275 ROUTE 22A
329 WEST ST,0.3333333333333333,329 W St
3342 VT ROUTE 74 E,0.3333333333333333,3342 VT ROUTE 22 A
337 WEST RD,0.3333333333333333,337 W RD
34 DAIGNEAULT HILL RD,0.5,34 CARLISLE HILL RD
34 ROBERTS AVE,0.0,34 BOWMAN RD
340 WEST RD,0.3333333333333333,340 W RD
348 FISHER RD,1.0,348 FISHER  RD
353 FISHER RD,1.0,353 FISHER  RD
359 FISHER RD,1.0,359 FISHER  RD
360 FISHER RD,1.0,360 FISHER  RD
363 FISHER RD,1.0,363 FISHER  RD
367 FISHER RD,1.0,367 FISHER  RD
37 HIBBARD HILL RD,0.6666666666666666,37 HIBBARD HILL
371 FISHER RD,1.0,371 FISHER  RD
372 FISHER RD,1.0,372 FISHER  RD
372 WEST RD,0.3333333333333333,372 W RD
379 FISHER RD,1.0,379 FISHER  RD
389 WEST RD,0.3333333333333333,389 W RD
3930 VT ROUTE 74 W,0.4,3930 VT ROUTE 17
3994 VT ROUTE 22A,0.6666666666666666,3994 ROUTE 22A
40 NORTH RD,0.3333333333333333,40 BOWMAN RD
41 MAPLE RDG,0.3333333333333333,41 MAPLE RIDGE
426 WEST ST,0.3333333333333333,426 W St
429 VT ROUTE 30,0.6666666666666666,429 ROUTE 30
433 FOOTE FARM RD,1.0,433 FOOTE  FARM RD
4463 VT ROUTE 30,0.6666666666666666,4463 ROUTE 30
447 WEST RD,0.3333333333333333,447 W RD
45 ROBERTS AVE,0.0,45 BOOTH WOODS
454 WEST RD,0.3333333333333333,454 W RD
4547 VT ROUTE 74 E,0.75,4547 VT ROUTE 74
47 DAIGNEAULT HILL RD,0.5,47 DAIGNAULT HILL RD
485 WEST ST,0.3333333333333333,485 W St
50 MAPLE RDG,0.3333333333333333,50 MAPLE RIDGE
50 VT ROUTE 73,0.5,50 VT ROUTE 116
516 MAIN ST,0.3333333333333333,516 WEYBRIDGE St
5392 VT ROUTE 30,0.6666666666666666,5392 ROUTE 30
54 DAIGNEAULT HILL RD,0.5,54 YORK HILL RD
546 VT ROUTE 74 E,0.4,546 VT ROUTE 17
56 VT ROUTE 73,0.25,56 ROUTE 73W
567 MAIN ST,0.3333333333333333,567 WEYBRIDGE St
574 WEST ST,0.3333333333333333,574 W St
58 HIBBARD HILL RD,0.6666666666666666,58 HIBBARD HILL
582 MAIN ST,0.2,582 MAIN ST. ROUTE 73E
584 WEST ST,0.3333333333333333,584 W St
60 ROBERTS AVE,0.0,60 MAIN St
613 WEST ST,0.3333333333333333,613 W St
6147 VT ROUTE 22A,0.6666666666666666,6147 ROUTE 22A
627 VT ROUTE 30,0.6666666666666666,627 ROUTE 30
635 VT ROUTE 22A,0.6666666666666666,635 ROUTE 22A
64 DAIGNEAULT HILL RD,0.5,64 DAIGNAULT HILL RD
65 FISHER RD,1.0,65 FISHER  RD
65 VT ROUTE 73,0.4,65 VT ROUTE 17 W
67 SNAKE MOUNTAIN RD,0.5,67 SNAKE MTN RD
690 VT ROUTE 73,0.5,690 VT ROUTE 116
722 SNAKE MOUNTAIN RD,0.5,722 SNAKE MTN RD
73 FISHER RD,1.0,73 FISHER  RD
776 WEST ST,0.3333333333333333,776 W St
82 SCHOOL RD,0.3333333333333333,82 BARNES RD
83 ABERNATHY PL,0.3333333333333333,83 ABERNATHY PLACE
83 VT ROUTE 22A,0.6666666666666666,83 ROUTE 22A
860 WEST ST,0.3333333333333333,860 W St
88 VT ROUTE 73,0.5,88 VT ROUTE 125
9 NORTH WIND LN,0.25,9 MEADOW Ln
92 DAIGNEAULT HILL RD,0.5,92 KING HILL RD
938 WEST ST,0.3333333333333333,938 W St
97 NORTH RD,0.3333333333333333,97 N RD
999 VT ROUTE 22A,0.5,999 VT ROUTE 100
162 NEEDHAM HILL RD,0.25,162 GRIMES RD
160 NEEDHAM HILL RD,0.25,160 NOTCH RD
30 VT ROUTE 22A,0.0,30 MACDONOUGH Dr
31 VT ROUTE 22A,0.6666666666666666,31 ROUTE 22A
35 VT ROUTE 22A,0.6666666666666666,35 ROUTE 22A
39 VT ROUTE 22A,0.6666666666666666,39 ROUTE 22A
43 VT ROUTE 22A,0.6666666666666666,43 ROUTE 22A
78 VT ROUTE 22A,0.0,78 W MAIN St
79 VT ROUTE 22A,0.6666666666666666,79 ROUTE 22A
73 VT ROUTE 22A,0.6666666666666666,73 ROUTE 22A
81 VT ROUTE 22A,0.6666666666666666,81 ROUTE 22A
92 VT ROUTE 22A,0.6666666666666666,92 ROUTE 22A
95 VT ROUTE 22A,0.6666666666666666,95 ROUTE 22A
103 VT ROUTE 22A,0.6666666666666666,103 ROUTE 22A
117 VT ROUTE 22A,0.6666666666666666,117 ROUTE 22A
119 VT ROUTE 22A,0.0,119 W MAIN St
123 VT ROUTE 22A,0.0,123 W MAIN St
177 VT ROUTE 22A,0.0,177 CROSBY HEIGHTS
183 VT ROUTE 22A,0.6666666666666666,183 ROUTE 22A
187 VT ROUTE 22A,0.25,187 ROUTE 73W
242 VT ROUTE 22A,0.6666666666666666,242 ROUTE 22A
245 VT ROUTE 22A,0.6666666666666666,245 ROUTE 22A
249 VT ROUTE 22A,0.6666666666666666,249 ROUTE 22A
253 VT ROUTE 22A,0.6666666666666666,253 ROUTE 22A
254 VT ROUTE 22A,0.0,254 BITTERSWEET FALLS RD
259 VT ROUTE 22A,0.6666666666666666,259 ROUTE 22A
260 VT ROUTE 22A,0.6666666666666666,260 ROUTE 22A
263 VT ROUTE 22A,0.6666666666666666,263 ROUTE 22A
273 VT ROUTE 22A,0.6666666666666666,273 ROUTE 22A
279 VT ROUTE 22A,0.6666666666666666,279 ROUTE 22A
61 MAPLE RDG,0.0,61 S WATER St
285 VT ROUTE 22A,0.6666666666666666,285 ROUTE 22A
294 VT ROUTE 22A,0.6666666666666666,294 ROUTE 22A
296 VT ROUTE 22A,0.0,296 POTASH BAY
709 VT ROUTE 73,0.25,709 ROUTE 73E
300 VT ROUTE 22A,0.6666666666666666,300 ROUTE 22A
617 VT ROUTE 73,0.0,617 LITTLE CHICAGO RD
310 VT ROUTE 22A,0.6666666666666666,310 ROUTE 22A
714 VT ROUTE 73,0.25,714 ROUTE 73E
691 VT ROUTE 73,0.25,691 ROUTE 73E
613 VT ROUTE 73,0.25,613 ROUTE 73E
653 VT ROUTE 73,0.25,653 ROUTE 73E
3 MAPLE RDG,0.3333333333333333,3 MAPLE MANOR
633 VT ROUTE 73,0.25,633 ROUTE 73E
665 VT ROUTE 73,0.25,665 ROUTE 73E
133 RAYMOND HILL RD,0.25,133 STICKNEY RD
708 VT ROUTE 73,0.25,708 ROUTE 73E
618 VT ROUTE 73,0.25,618 ROUTE 73E
677 VT ROUTE 73,0.6666666666666666,677 ROUTE 73
636 VT ROUTE 73,0.25,636 ROUTE 73E
662 VT ROUTE 73,0.25,662 ROUTE 73E
700 VT ROUTE 73,0.25,700 ROUTE 73E
695 VT ROUTE 73,0.5,695 ROUTE 73 E
318 VT ROUTE 22A,0.6666666666666666,318 ROUTE 22A
52 ROBERTS AVE,0.0,52 MAIN St
54 ROBERTS AVE,0.0,54 N St
413 MAIN ST,0.6666666666666666,413 E MAIN St
674 VT ROUTE 73,0.6666666666666666,674 ROUTE 73
485 MAIN ST,0.3333333333333333,485 W St
654 VT ROUTE 73,0.0,654 SLEEPY HOLLOW Ln
449 MAIN ST,0.0,449 MEEHAN RD
681 VT ROUTE 73,0.25,681 ROUTE 73E
601 MAIN ST,0.3333333333333333,601 WEYBRIDGE St
501 MAIN ST,0.3333333333333333,501 QUAKER St
491 MAIN ST,0.0,491 W RD
515 MAIN ST,0.0,515 NOROUTEON TOWN RD
499 MAIN ST,0.0,499 QUAKER VILLAGE RD
523 MAIN ST,0.0,523 FULLER MOUNTAIN RD
41 MOUNT INDEPENDENCE RD,0.5,41 MT INDEPENDENCE RD
537 MAIN ST,0.0,537 JAMES RD
606 MAIN ST,0.3333333333333333,606 S St
231 VT ROUTE 73,0.0,231 BOURDEAU RD
30 MOUNT INDEPENDENCE RD,0.25,30 BOWMAN RD
680 VT ROUTE 73,0.25,680 ROUTE 73E
656 VT ROUTE 73,0.5,656 VT ROUTE 17
604 MAIN ST,0.0,604 ROTAX RD
330 VT ROUTE 22A,0.6666666666666666,330 ROUTE 22A
599 MAIN ST,0.0,599 BUSH Ln
518 MAIN ST,0.0,518 HARDSCRABBLE RD
520 MAIN ST,0.3333333333333333,520 EXCHANGE St
530 MAIN ST,0.3333333333333333,530 EXCHANGE St
538 MAIN ST,0.25,538 JERSEY St S
544 MAIN ST,0.3333333333333333,544 HIGH St
546 MAIN ST,0.0,546 MILE POINT RD
568 MAIN ST,0.0,568 VT ROUTE 17 E
480 MAIN ST,0.0,480 TOWN LINE RD
11 N ORWELL RD,0.25,11 BOWMAN RD
9 MOUNT INDEPENDENCE RD,0.25,9 PIPER RD
692 VT ROUTE 73,0.0,692 NICHOLS RD
498 MAIN ST,0.25,498 S St EXT
227 VT ROUTE 73,0.25,227 ROUTE 73W
15 MOUNT INDEPENDENCE RD,0.5,15 MT INDEPENDENCE RD
344 VT ROUTE 22A,0.6666666666666666,344 ROUTE 22A
222 VT ROUTE 73,0.25,222 ROUTE 73W
644 VT ROUTE 73,0.25,644 ROUTE 73E
214 VT ROUTE 73,0.6666666666666666,214 ROUTE 73
206 VT ROUTE 73,0.25,206 ROUTE 73W
205 VT ROUTE 73,0.25,205 ROUTE 73W
201 VT ROUTE 73,0.25,201 ROUTE 73W
174 N ORWELL RD,0.25,174 CAMPGROUND RD
199 VT ROUTE 73,0.25,199 ROUTE 73W
87 DAIGNEAULT HILL RD,0.5,87 RAYMOND HILL RD
193 VT ROUTE 73,0.25,193 ROUTE 73W
197 VT ROUTE 73,0.25,197 ROUTE 73W
94 FISHER RD,1.0,94 FISHER  RD
187 VT ROUTE 73,0.25,187 ROUTE 73W
180 VT ROUTE 73,0.0,180 S MAPLE St
218 N ORWELL RD,0.25,218 BRIGGS RD
178 VT ROUTE 73,0.25,178 ROUTE 73W
176 VT ROUTE 73,0.0,176 S MAPLE St
431 VT ROUTE 22A,0.6666666666666666,431 ROUTE 22A
439 VT ROUTE 22A,0.0,439 THISTLE POINT
43 HIBBARD HILL RD,0.25,43 BOURDEAU RD
39 HIBBARD HILL RD,0.25,39 BOWMAN RD
145 FISHER RD,1.0,145 FISHER  RD
55 BROWN LN,0.3333333333333333,55 COTTAGE Ln
462 VT ROUTE 22A,0.6666666666666666,462 ROUTE 22A
263 N ORWELL RD,0.25,263 DOOLITTLE RD
158 VT ROUTE 73,0.0,158 S MAPLE St
475 VT ROUTE 22A,0.5,475 VT ROUTE 100
471 VT ROUTE 22A,0.6666666666666666,471 ROUTE 22A
277 N ORWELL RD,0.25,277 W RD
279 N ORWELL RD,0.25,279 BARNES RD
281 N ORWELL RD,0.25,281 SMEAD RD
283 N ORWELL RD,0.25,283 STICKNEY RD
133 VT ROUTE 73,0.5,133 ROUTE 73 E
139 VT ROUTE 73,0.0,139 S MAPLE St
7 PEARL RD,0.3333333333333333,7 BULLOCK RD
95 VT ROUTE 73,0.25,95 ROUTE 17
99 VT ROUTE 73,0.25,99 ROUTE 7
32 ROYCE HILL RD,0.4,32 SCHOOL HOUSE HILL RD
93 VT ROUTE 73,0.0,93 W MAIN St
105 VT ROUTE 73,0.25,105 ROUTE 73W
108 VT ROUTE 73,0.25,108 ROUTE 73W
518 VT ROUTE 22A,0.6666666666666666,518 ROUTE 22A
536 VT ROUTE 22A,0.6666666666666666,536 ROUTE 22A
85 VT ROUTE 73,0.5,85 ROUTE 73 W
73 VT ROUTE 73,0.3333333333333333,73 ROUTE 22A
71 VT ROUTE 73,0.0,71 W MAIN St
717 RAINEY LN,0.0,717 MONKTON RD
69 VT ROUTE 73,0.25,69 ROUTE 73W
67 VT ROUTE 73,0.0,67 NEW HAVEN RD
53 VT ROUTE 73,0.0,53 BOOTH WOODS
59 VT ROUTE 73,0.25,59 ROUTE 73W
60 VT ROUTE 73,0.25,60 ROUTE 73W
51 VT ROUTE 73,0.25,51 ROUTE 73W
49 VT ROUTE 73,0.0,49 NEW HAVEN RD
381 N ORWELL RD,0.25,381 TRI-TOWN RD
143 ROYCE HILL RD,0.25,143 STICKNEY RD
150 ROYCE HILL RD,0.25,150 MURRAY RD
299 FISHER RD,0.3333333333333333,299 STICKNEY RD
9 SAMPSON RD,0.3333333333333333,9 PIPER RD
105 HEMENWAY HILL RD,0.25,105 PANTON RD
5 A SAMPSON RD,0.6666666666666666,5 SAMPSON RD
5 VT ROUTE 73,0.0,5 BOWMAN RD
3 VT ROUTE 73,0.25,3 ROUTE 73W
351 WEST RD,0.3333333333333333,351 W RD
12 PEPPER LN,0.3333333333333333,12 SCOVEL Ln
80 SMITH RD,0.3333333333333333,80 WHITFORD RD
730 VT ROUTE 73,0.0,730 TULLEY RD
210 ROYCE HILL RD,0.4,210 POST OFFICE HILL RD
101 TI VIEW LN,0.25,101 WAY Ln
294 WEST RD,0.3333333333333333,294 FISHER  RD
286 WEST RD,0.3333333333333333,286 N RD
618 VT ROUTE 22A,0.6666666666666666,618 ROUTE 22A
647 VT ROUTE 22A,0.6666666666666666,647 ROUTE 22A
258 WEST RD,0.3333333333333333,258 N RD
6333 VT ROUTE 22A,0.25,6333 ROUTE 30
6250 VT ROUTE 22A,0.6666666666666666,6250 ROUTE 22A
22 HANSON RD,0.3333333333333333,22 BOWMAN RD
6174 VT ROUTE 22A,0.6666666666666666,6174 ROUTE 22A
2139 BARNUM HILL RD,0.25,2139 DOWNINGSVILLE RD
4677 VT ROUTE 74 W,0.2,4677 ROUTE 74W
2150 BARNUM HILL RD,0.2,2150 W SALISBURY RD
2012 BARNUM HILL RD,0.25,2012 CARLSTROM RD
4675 VT ROUTE 74 W,0.2,4675 ROUTE 74W
4820 VT ROUTE 74 W,0.2,4820 ROUTE 74W
4809 VT ROUTE 74 W,0.2,4809 ROUTE 74W
4703 VT ROUTE 74 W,0.2,4703 ROUTE 74W
4701 VT ROUTE 74 W,0.2,4701 ROUTE 74W
3658 VT ROUTE 74 W,0.2,3658 ROUTE 74W
158 WEST RD,0.3333333333333333,158 DEWEY RD
4776 VT ROUTE 74 W,0.2,4776 ROUTE 74W
4612 VT ROUTE 74 W,0.2,4612 ROUTE 74W
3595 VT ROUTE 74 W,0.0,3595 MOUNTAIN RD
959 SHOREHAM DEPOT RD,0.25,959 PANTON RD
156 WEST RD,0.3333333333333333,156 W RD
4668 VT ROUTE 74 W,0.2,4668 ROUTE 74W
3561 VT ROUTE 74 W,0.2,3561 ROUTE 74W
2509 SCHOOL ST,0.0,2509 SHAKER HILL RD
1152 BARNUM HILL RD,0.2,1152 LAKE DUNMORE RD
1009 BARNUM HILL RD,0.0,1009 LOWER FOOTE St
3455 VT ROUTE 74 W,0.2,3455 ROUTE 74W
66 WEST RD,0.3333333333333333,66 MEIGS RD
461 BARNUM HILL RD,0.25,461 TULLEY RD
191 HOLMES LN,0.0,191 GREEN St
245 BARNUM HILL RD,0.5,245 ROYCE HILL RD
54 WEST RD,0.3333333333333333,54 W RD
57 WEST RD,0.3333333333333333,57 MONKTON RD
715 SHOREHAM DEPOT RD,0.2,715 OLD HOLLOW RD
552 N ORWELL RD,0.2,552 CLARK WOODS RD
748 BARNUM HILL RD,0.25,748 MONKTON RD
914 BROWN RD,0.25,914 N HOLLOW RD
162 DAME RD,0.3333333333333333,162 GRIMES RD
149 DAME RD,0.3333333333333333,149 ROGERS RD
2574 HEMENWAY HILL RD,0.0,2574 E St
143 SHOREHAM WHITING RD,0.25,143 STICKNEY RD
249 SHOREHAM WHITING RD,0.25,249 N RD
176 SHOREHAM WHITING RD,0.25,176 SHOREHAM-WHITING RD
53 SHOREHAM WHITING RD,0.25,53 SHOREHAM-WHITING RD
123 SHOREHAM WHITING RD,0.25,123 SHOREHAM-WHITING RD
41 SHOREHAM WHITING RD,0.25,41 BOWMAN RD
2955 VT ROUTE 74 W,0.2,2955 ROUTE 74W
15 SHOREHAM WHITING RD,0.25,15 HOPKINS RD
42 SHOREHAM WHITING RD,0.25,42 MONKTON RD
322 SHOREHAM DEPOT RD,0.25,322 STICKNEY RD
238 SHOREHAM DEPOT RD,0.25,238 ATHEROUTEON RD
433 HANDS COVE RD,0.25,433 PERKINS RD
524 SMITH ST,0.3333333333333333,524 QUAKER ST
1290 N ORWELL RD,0.0,1290 ROUTE 7 S
803 SMITH ST,0.0,803 SHEEP FARM RD
1365 N ORWELL RD,0.25,1365 SMEAD RD
809 SMITH ST,0.3333333333333333,809 COLLEGE St
1570 N ORWELL RD,0.0,1570 ROUTE 30
1491 N ORWELL RD,0.2,1491 FULLER MTN. RD
1561 OLD JERUSALEM RD,0.2,1561 LINCOLN GAP RD
2213 RICHVILLE RD,0.3333333333333333,2213 MOUNTAIN RD
1923 VT ROUTE 74 W,0.2,1923 ROUTE 74W
51 PHILION RD,0.3333333333333333,51 RAYMOND RD
1731 VT ROUTE 74 W,0.2,1731 ROUTE 74W
1750 OLD JERUSALEM RD,0.25,1750 BUTZ RD
1770 OLD JERUSALEM RD,0.2,1770 N HOLLOW RD
218 JENISON RD,0.3333333333333333,218 BRIGGS RD
12 DEWEY RD,0.3333333333333333,12 ESTEY RD
1104 SMITH ST,0.3333333333333333,1104 W St
90 JENISON RD,0.3333333333333333,90 CREAMERY RD
340 JENISON RD,0.3333333333333333,340 W RD
1206 SCHOOL ST,0.0,1206 BURPEE RD
1175 SCHOOL ST,0.0,1175 MIDDLE RD
1321 SMITH ST,0.3333333333333333,1321 EXCHANGE St
1498 RICHVILLE RD,0.3333333333333333,1498 BURPEE RD
740 JENISON RD,0.3333333333333333,740 HALLADAY RD
1452 RICHVILLE RD,0.3333333333333333,1452 MIDDLE RD
1547 RICHVILLE RD,0.3333333333333333,1547 MONKTON RD
1633 VT ROUTE 74 W,0.2,1633 ROUTE 74W
1449 RICHVILLE RD,0.3333333333333333,1449 BRISTOL RD
1079 SCHOOL ST,0.3333333333333333,1079 W St
1315 SMITH ST,0.0,1315 MOUNTAIN RD EXTENSION
39 PAIGE RD,0.3333333333333333,39 BOWMAN RD
640 WEBSTER RD,0.25,640 SHEEP FARM RD
243 N MAIN ST,0.25,243 FOOTE St
337 SHACKSBORO RD,0.3333333333333333,337 W RD
1449 SMITH ST,0.0,1449 ELDER HILL RD
744 WEBSTER RD,0.3333333333333333,744 MORGAN RD
1374 VT ROUTE 74 W,0.0,1374 RIDGE RD
1527 SMITH ST,0.0,1527 LINCOLN RD
1330 VT ROUTE 74 W,0.2,1330 ROUTE 125
1020 WEBSTER RD,0.3333333333333333,1020 TRI-TOWN RD
929 VT ROUTE 74 W,0.2,929 ROUTE 74W
791 BUTTOLPH RD,0.3333333333333333,791 DAKIN RD
283 N MAIN ST,0.0,283 STICKNEY RD
200 BURGESS RD,0.3333333333333333,200 HEWITT RD
555 WITHERELL RD,0.3333333333333333,555 PLANK RD
893 BUTTOLPH RD,0.3333333333333333,893 MONKTON RD
848 WITHERELL RD,0.25,848 S 116 RD
850 WITHERELL RD,0.3333333333333333,850 SHACKETT RD
369 WITHERELL RD,0.25,369 HAPPY VALLEY RD
277 WITHERELL RD,0.3333333333333333,277 W RD
300 N MAIN ST,0.6666666666666666,300 MAIN St
3606 OLD JERUSALEM RD,0.25,3606 LELAND RD
655 VT ROUTE 74 W,0.2,655 ROUTE 74W
1250 WEBSTER RD,0.25,1250 MASTON HILL RD
708 WITHERELL RD,0.3333333333333333,708 PANTON RD
1050 VT ROUTE 74 W,0.2,1050 ROUTE 74W
25 BASIN HARBOR RD,0.25,25 MONKTON RD
1282 WEBSTER RD,0.3333333333333333,1282 MOUNTAIN RD
1052 VT ROUTE 74 W,0.0,1052 MOUNTAIN RD
616 VT ROUTE 74 W,0.2,616 ROUTE 74W
1054 VT ROUTE 74 W,0.0,1054 BURPEE RD
1048 VT ROUTE 74 W,0.0,1048 BASIN HARBOR RD
3091 WATCH POINT RD,0.25,3091 BRISTOL RD
3066 WATCH POINT RD,0.2,3066 QUAKER VILLAGE RD
1986 SMITH ST,0.3333333333333333,1986 JERSEY St
129 STICKNEY RD,0.3333333333333333,129 MARKET RD
147 STICKNEY RD,0.3333333333333333,147 PERKINS RD
3549 VT ROUTE 22A,0.6666666666666666,3549 ROUTE 22A
3533 VT ROUTE 22A,0.6666666666666666,3533 ROUTE 22A
156 SCHOOL RD,0.3333333333333333,156 W RD
61 OLIVER HOWE CT,0.0,61 S WATER St
1217 SHACKSBORO RD,0.3333333333333333,1217 MONKTON RD
130 SCHOOL RD,0.3333333333333333,130 MIDDLE RD
3442 VT ROUTE 22A,0.6666666666666666,3442 ROUTE 22A
80 GIBEAULT RD,0.3333333333333333,80 WHITFORD RD
53 FIREHOUSE RD,0.3333333333333333,53 SHOREHAM-WHITING RD
3351 VT ROUTE 22A,0.6666666666666666,3351 ROUTE 22A
1591 BUTTOLPH RD,0.25,1591 N HOLLOW RD
3297 VT ROUTE 22A,0.6666666666666666,3297 ROUTE 22A
416 MAIN ST,0.6666666666666666,416 E MAIN St
3296 VT ROUTE 22A,0.6666666666666666,3296 ROUTE 22A
887 WATCH POINT RD,0.25,887 DOWNINGSVILLE RD
1613 BUTTOLPH RD,0.25,1613 SNAKE MOUNTAIN RD
1620 BUTTOLPH RD,0.3333333333333333,1620 RIDGE RD
841 TOTTINGHAM RD,0.25,841 FLORA WHITE RD
65 INN RD,0.3333333333333333,65 NOTCH RD
133 LAKE ST,0.3333333333333333,133 GREEN St
1725 CUTTING HILL RD,0.0,1725 S St
702 WATCH POINT RD,0.25,702 CARLSTROM RD
664 WATCH POINT RD,0.25,664 TRI-TOWN RD
3231 VT ROUTE 22A,0.6666666666666666,3231 ROUTE 22A
3205 VT ROUTE 22A,0.6666666666666666,3205 ROUTE 22A
3183 VT ROUTE 22A,0.0,3183 CASE St
831 BASIN HARBOR RD,0.25,831 HOPKINS RD
3167 VT ROUTE 22A,0.0,3167 LIME KILN RD
3185 VT ROUTE 22A,0.0,3185 N HOLLOW RD
3101 VT ROUTE 22A,0.0,3101 LAKE DUNMORE RD
3130 VT ROUTE 22A,0.6666666666666666,3130 ROUTE 22A
2569 SMITH ST,0.3333333333333333,2569 S St
3083 VT ROUTE 22A,0.6666666666666666,3083 ROUTE 22A
1860 BUTTOLPH RD,0.3333333333333333,1860 GREENBUSH RD
405 HUBBARD RD,0.3333333333333333,405 BROWNS RD
1890 BUTTOLPH RD,0.3333333333333333,1890 LELAND RD
3028 VT ROUTE 22A,0.6666666666666666,3028 ROUTE 22A
410 HUBBARD RD,0.3333333333333333,410 LEICESTER-WHITING RD
1875 BUTTOLPH RD,0.25,1875 MASTON HILL RD
2006 CUTTING HILL RD,0.2,2006 S MIDDLEBROOK RD
2000 CUTTING HILL RD,0.5,2000 CHANDLER HILL RD
2987 VT ROUTE 22A,0.6666666666666666,2987 ROUTE 22A
2972 VT ROUTE 22A,0.6666666666666666,2972 ROUTE 22A
2936 VT ROUTE 22A,0.0,2936 JERSEY St S
474 TOTTINGHAM RD,0.3333333333333333,474 ECHO RD
120 VT ROUTE 74 E,0.0,120 PANTON RD
2106 CUTTING HILL RD,0.25,2106 HARDSCRABBLE RD
186 VT ROUTE 74 E,0.0,186 MAIN St
156 VT ROUTE 74 E,0.0,156 S MAPLE St
118 VT ROUTE 74 E,0.16666666666666666,118 E RIVER RD
214 VT ROUTE 74 E,0.2,214 ROUTE 73
232 VT ROUTE 74 E,0.2,232 ROUTE 74E
113 VT ROUTE 74 E,0.0,113 N St
314 VT ROUTE 74 E,0.2,314 ROUTE 74E
2846 VT ROUTE 22A,0.6666666666666666,2846 ROUTE 22A
23 VT ROUTE 74 E,0.2,23 ROUTE 74E
318 VT ROUTE 74 E,0.2,318 ROUTE 22A
220 NORTH RD,0.3333333333333333,220 N RD
376 VT ROUTE 74 E,0.2,376 ROUTE 74E
2758 VT ROUTE 22A,0.6666666666666666,2758 ROUTE 22A
213 VT ROUTE 74 E,0.2,213 ROUTE 74E
267 NORTH RD,0.3333333333333333,267 FAY RD
2682 VT ROUTE 22A,0.6666666666666666,2682 ROUTE 22A
244 NORTH RD,0.3333333333333333,244 N RD
258 NORTH RD,0.3333333333333333,258 N RD
2138 SHACKSBORO RD,0.3333333333333333,2138 HARDSCRABBLE RD
2131 SHACKSBORO RD,0.0,2131 VT ROUTE 100
738 LAKE ST,0.3333333333333333,738 BOARDMAN St
742 LAKE ST,0.0,742 PERKINS RD
740 LAKE ST,0.0,740 HALLADAY RD
673 VT ROUTE 74 E,0.2,673 ROUTE 74E
2445 VT ROUTE 22A,0.6666666666666666,2445 ROUTE 22A
738 VT ROUTE 74 E,0.2,738 ROUTE 74E
652 N MAIN ST,0.0,652 BOTSFORD RD
2322 VT ROUTE 22A,0.6666666666666666,2322 ROUTE 22A
6333 VT ROUTE 30,0.6666666666666666,6333 ROUTE 30
884 VT ROUTE 74 E,0.0,884 TRI-TOWN RD
886 VT ROUTE 74 E,0.16666666666666666,886 ROUTE 7 S
2897 CUTTING HILL RD,0.2,2897 LAPHAM BAY RD
883 VT ROUTE 74 E,0.2,883 ROUTE 74E
6259 VT ROUTE 30,0.6666666666666666,6259 ROUTE 30
927 VT ROUTE 74 E,0.2,927 ROUTE 74E
181 MORGAN RD,0.3333333333333333,181 KEYES RD
864 W SALISBURY RD,0.25,864 SMEAD RD
560 DEWEY RD,0.3333333333333333,560 COUNTY RD
6183 VT ROUTE 30,0.6666666666666666,6183 ROUTE 30
543 DEWEY RD,0.3333333333333333,543 HAWKINS RD
1089 VT ROUTE 74 E,0.2,1089 ROUTE 125
1030 PALMER RD,0.3333333333333333,1030 BURPEE RD
1138 VT ROUTE 74 E,0.2,1138 ROUTE 74E
2142 QUIET VALLEY RD,0.0,2142 MAPLE St EXT
649 MORGAN RD,0.3333333333333333,649 PRUNIER RD
1145 VT ROUTE 74 E,0.2,1145 ROUTE 74E
589 DELONG RD,0.25,589 LAKE DUNMORE RD
6039 VT ROUTE 30,0.6666666666666666,6039 ROUTE 30
712 MORGAN RD,0.3333333333333333,712 QUARRY RD
1967 VT ROUTE 22A,0.6666666666666666,1967 ROUTE 22A
1177 VT ROUTE 74 E,0.2,1177 ROUTE 74E
5979 VT ROUTE 30,0.6666666666666666,5979 ROUTE 30
5949 VT ROUTE 30,0.6666666666666666,5949 ROUTE 30
446 DELONG LN,0.3333333333333333,446 MEAD Ln
510 DELONG RD,0.3333333333333333,510 ROCKYDALE RD
1311 VT ROUTE 74 E,0.2,1311 ROUTE 125
5840 VT ROUTE 30,0.6666666666666666,5840 ROUTE 30
5835 VT ROUTE 30,0.6666666666666666,5835 ROUTE 30
1771 VT ROUTE 22A,0.6666666666666666,1771 ROUTE 22A
278 PALMER RD,0.3333333333333333,278 N RD
1718 VT ROUTE 22A,0.6666666666666666,1718 ROUTE 22A
5774 VT ROUTE 30,0.6666666666666666,5774 ROUTE 30
5777 VT ROUTE 30,0.6666666666666666,5777 ROUTE 30
1453 VT ROUTE 74 E,0.2,1453 ROUTE 74E
1701 VT ROUTE 22A,0.6666666666666666,1701 ROUTE 22A
124 DEWEY RD,0.3333333333333333,124 PANTON RD
1044 DELONG RD,0.0,1044 US ROUTE 7
280 DELONG LN,0.3333333333333333,280 LEDGEMONT Ln
1874 S BINGHAM ST,0.0,1874 ROUTE 74
1712 VT ROUTE 22A,0.6666666666666666,1712 ROUTE 22A
5680 VT ROUTE 30,0.6666666666666666,5680 ROUTE 30
1514 VT ROUTE 74 E,0.2,1514 ROUTE 74E
220 DELONG LN,0.3333333333333333,220 WAY Ln
1635 VT ROUTE 22A,0.6666666666666666,1635 ROUTE 22A
1527 VT ROUTE 74 E,0.2,1527 ROUTE 74E
1604 VT ROUTE 22A,0.6666666666666666,1604 ROUTE 22A
316 DOUGLAS RD,0.3333333333333333,316 LEICESTER-WHITING RD
1609 VT ROUTE 74 E,0.0,1609 S MIDDLEBROOK RD
134 CREEK RD,0.3333333333333333,134 CHURCH RD
268 BATES RD,0.3333333333333333,268 PAINTER RD
1558 VT ROUTE 22A,0.6666666666666666,1558 ROUTE 22A
1639 VT ROUTE 74 E,0.2,1639 ROUTE 74E
1571 VT ROUTE 22A,0.6666666666666666,1571 ROUTE 22A
214 LELAND RD,0.3333333333333333,214 BARNES RD
1556 VT ROUTE 22A,0.6666666666666666,1556 ROUTE 22A
1175 WOOSTER RD,0.3333333333333333,1175 MIDDLE RD
1135 WOOSTER RD,0.25,1135 N HOLLOW RD
150 LELAND RD,0.3333333333333333,150 MURRAY RD
1707 VT ROUTE 74 E,0.2,1707 ROUTE 74E
11 ANGEL RD,0.3333333333333333,11 BOWMAN RD
1420 VT ROUTE 22A,0.6666666666666666,1420 ROUTE 22A
455 SINGING HILLS DR,0.0,455 CAVE RD
21 ANGEL RD,0.3333333333333333,21 BOWMAN RD
464 WOOSTER RD,0.3333333333333333,464 CARR RD
968 WOOSTER RD,0.25,968 FULLER MTN. RD
1001 N CREAM HILL RD,0.2,1001 SWINTON RD
1321 VT ROUTE 22A,0.6666666666666666,1321 ROUTE 22A
1330 VT ROUTE 22A,0.6666666666666666,1330 ROUTE 22A
5322 VT ROUTE 30,0.6666666666666666,5322 ROUTE 30
2801 BASIN HARBOR RD,0.25,2801 WEYBRDIGE RD
5283 VT ROUTE 30,0.6666666666666666,5283 ROUTE 30
170 ANGEL RD,0.3333333333333333,170 HEATH RD
1241 VT ROUTE 22A,0.6666666666666666,1241 ROUTE 22A
51 N PALMER RD,0.6666666666666666,51 PALMER RD
5217 VT ROUTE 30,0.6666666666666666,5217 ROUTE 30
2014 VT ROUTE 74 E,0.2,2014 ROUTE 30
2088 VT ROUTE 74 E,0.2,2088 ROUTE 74E
5129 VT ROUTE 30,0.6666666666666666,5129 ROUTE 30
2126 VT ROUTE 74 E,0.16666666666666666,2126 US ROUTE 7
2960 BASIN HARBOR RD,0.0,2960 ETHAN ALLEN HIGHWAY
5081 VT ROUTE 30,0.6666666666666666,5081 ROUTE 30
1093 QUIET VALLEY RD,0.25,1093 LELAND RD
5013 VT ROUTE 30,0.6666666666666666,5013 ROUTE 30
995 VT ROUTE 22A,0.6666666666666666,995 ROUTE 22A
4969 VT ROUTE 30,0.6666666666666666,4969 ROUTE 30
2232 VT ROUTE 74 E,0.2,2232 ROUTE 74E
2293 VT ROUTE 74 E,0.2,2293 ROUTE 74E
3175 BASIN HARBOR RD,0.25,3175 ROTAX RD
2341 VT ROUTE 74 E,0.2,2341 ROUTE 74E
465 SHARD VILLA RD,0.25,465 WHITFORD RD
4867 VT ROUTE 30,0.6666666666666666,4867 ROUTE 30
2393 VT ROUTE 74 E,0.2,2393 ROUTE 74E
587 MIDDLE RD,0.25,587 OLD HOLLOW RD
2431 VT ROUTE 74 E,0.2,2431 ROUTE 74E
4799 VT ROUTE 30,0.6666666666666666,4799 ROUTE 30
4740 VT ROUTE 30,0.6666666666666666,4740 ROUTE 30
4741 VT ROUTE 30,0.6666666666666666,4741 ROUTE 30
589 SHARD VILLA RD,0.2,589 LAKE DUNMORE RD
375 ELMENDORF RD,0.3333333333333333,375 DOUGLAS RD
2602 VT ROUTE 74 E,0.2,2602 ROUTE 74E
4715 VT ROUTE 30,0.6666666666666666,4715 ROUTE 30
1305 LAPHAM BAY RD,0.2,1305 FRENCH SETTLEMENT RD
1293 LAPHAM BAY RD,0.25,1293 LELAND RD
655 SHARD VILLA RD,0.25,655 JAMES RD
584 VT ROUTE 22A,0.6666666666666666,584 ROUTE 22A
4633 VT ROUTE 30,0.6666666666666666,4633 ROUTE 30
670 SHARD VILLA RD,0.2,670 SPENCER FARM RD
2649 VT ROUTE 74 E,0.2,2649 ROUTE 74E
539 VT ROUTE 22A,0.6666666666666666,539 ROUTE 22A
4534 VT ROUTE 30,0.6666666666666666,4534 ROUTE 30
501 LAPHAM BAY RD,0.25,501 GRANDEY RD
717 PIDGEON RD W,0.25,717 MONKTON RD
725 SHARD VILLA RD,0.0,725 WEYBRIDGE St
711 PIDGEON RD W,0.25,711 DELONG RD
4533 VT ROUTE 30,0.6666666666666666,4533 ROUTE 30
2311 HAPPY VALLEY RD,0.2,2311 S LINCOLN RD
733 SHARD VILLA RD,0.25,733 CRAM RD
657 S BINGHAM ST,0.5,657 N BINGHAM ST
2763 VT ROUTE 74 E,0.2,2763 ROUTE 74E
450 VT ROUTE 22A,0.6666666666666666,450 ROUTE 22A
2799 VT ROUTE 74 E,0.0,2799 LEICESTER WHITING RD
2801 VT ROUTE 74 E,0.2,2801 ROUTE 74E
4440 VT ROUTE 30,0.6666666666666666,4440 ROUTE 30
690 ELMENDORF RD,0.3333333333333333,690 MIDDLEBROOK RD
55 STORY DR,0.3333333333333333,55 MACDONOUGH Dr
123 STORY DR,0.25,123 GOOSE BAY DR
2861 VT ROUTE 74 E,0.2,2861 ROUTE 74E
2922 VT ROUTE 74 E,0.2,2922 ROUTE 74E
4340 VT ROUTE 30,0.6666666666666666,4340 ROUTE 30
2968 VT ROUTE 74 E,0.2,2968 ROUTE 74E
2183 N CREAM HILL RD,0.0,2183 ROUTE 7 S
444 S BINGHAM ST,0.2,444 E MAIN St
950 DOOLITTLE RD,0.3333333333333333,950 ZENO RD
4245 VT ROUTE 30,0.6666666666666666,4245 ROUTE 30
258 AUDET RD,0.3333333333333333,258 N RD
4174 VT ROUTE 30,0.6666666666666666,4174 ROUTE 30
256 AUDET RD,0.3333333333333333,256 N RD
506 DOOLITTLE RD,0.3333333333333333,506 HEMENWAY RD
569 COLUMBUS SMITH RD,0.25,569 MONKTON RD
286 S BINGHAM ST,0.0,286 ROUTE 30
3340 VT ROUTE 74 E,0.2,3340 ROUTE 74E
4002 VT ROUTE 30,0.6666666666666666,4002 ROUTE 30
134 S BINGHAM ST,0.25,134 N St
2463 VT ROUTE 74,0.6666666666666666,2463 ROUTE 74
3958 VT ROUTE 30,0.6666666666666666,3958 ROUTE 30
2465 VT ROUTE 74,0.0,2465 LAKE St
3866 VT ROUTE 74 E,0.2,3866 ROUTE 74E
2535 VT ROUTE 74,0.6666666666666666,2535 ROUTE 74
2579 VT ROUTE 74,0.6666666666666666,2579 ROUTE 74
2273 VT ROUTE 74,0.0,2273 SAND RD
3932 VT ROUTE 74 E,0.2,3932 ROUTE 74E
4601 VT ROUTE 74 E,0.2,4601 ROUTE 74E
2271 VT ROUTE 74,0.6666666666666666,2271 ROUTE 74
2217 VT ROUTE 74,0.6666666666666666,2217 ROUTE 74
2462 VT ROUTE 74,0.6666666666666666,2462 ROUTE 74
2141 VT ROUTE 74,0.6666666666666666,2141 ROUTE 74
1969 VT ROUTE 74,0.0,1969 WEYBRIDGE RD
2099 VT ROUTE 74,0.0,2099 MOUNTAIN RD
1967 VT ROUTE 74,0.6666666666666666,1967 ROUTE 74
33 WEST ST,0.3333333333333333,33 W St
2098 VT ROUTE 74,0.6666666666666666,2098 ROUTE 74
3967 VT ROUTE 74 E,0.2,3967 ROUTE 74E
1635 VT ROUTE 74,0.6666666666666666,1635 ROUTE 74
1874 VT ROUTE 74,0.6666666666666666,1874 ROUTE 74
3969 VT ROUTE 74 E,0.0,3969 MUNGER St
1986 VT ROUTE 74,0.6666666666666666,1986 ROUTE 74
1770 VT ROUTE 74,0.0,1770 N HOLLOW RD
110 WEST ST,0.3333333333333333,110 GREEN St
3809 VT ROUTE 30,0.6666666666666666,3809 ROUTE 30
635 CLARK RD,0.25,635 TWITCHELL HILL RD
1501 VT ROUTE 74,0.6666666666666666,1501 ROUTE 74
3749 VT ROUTE 30,0.2,3749 ROUTE 7 S
2100 VT ROUTE 74,0.6666666666666666,2100 ROUTE 74
1503 SHARD VILLA RD,0.2,1503 LEICESTER WHITING RD
2020 VT ROUTE 74,0.6666666666666666,2020 ROUTE 74
3697 VT ROUTE 30,0.6666666666666666,3697 ROUTE 30
1625 SHARD VILLA RD,0.25,1625 LINCOLN RD
294 WEST ST,0.3333333333333333,294 W St
3641 VT ROUTE 30,0.6666666666666666,3641 ROUTE 30
430 SLADE RD,0.3333333333333333,430 ROCKYDALE RD
1919 SHARD VILLA RD,0.25,1919 MONKTON RD
1975 SHARD VILLA RD,0.0,1975 PAROUTERIDGE TRAIL
3372 VT ROUTE 30,0.6666666666666666,3372 ROUTE 30
1960 SHARD VILLA RD,0.25,1960 MIDDLE RD
3356 VT ROUTE 30,0.6666666666666666,3356 ROUTE 30
3220 VT ROUTE 30,0.6666666666666666,3220 ROUTE 30
706 WEST ST,0.3333333333333333,706 W St
3263 VT ROUTE 30,0.6666666666666666,3263 ROUTE 30
3169 VT ROUTE 30,0.6666666666666666,3169 ROUTE 30
3129 VT ROUTE 30,0.6666666666666666,3129 ROUTE 30
124 LAMBERT LN,0.3333333333333333,124 PINE LN
3099 VT ROUTE 30,0.6666666666666666,3099 ROUTE 30
3075 VT ROUTE 30,0.6666666666666666,3075 ROUTE 30
2370 MIDDLE RD,0.25,2370 LEICESTER WHITING RD
546 PEET RD,0.25,546 MILE POINT RD
655 BLAKE ROY RD,0.25,655 JAMES RD
2189 MIDDLE RD,0.25,2189 N BRANCH RD
2991 VT ROUTE 30,0.6666666666666666,2991 ROUTE 30
654 PEET RD,0.3333333333333333,654 BRISTOL RD
540 PEET RD,0.25,540 SHAMPENY HILL RD
2900 VT ROUTE 30,0.6666666666666666,2900 ROUTE 30
2846 VT ROUTE 30,0.6666666666666666,2846 ROUTE 30
23 PEET RD,0.3333333333333333,23 HOPKINS RD
2742 VT ROUTE 30,0.6666666666666666,2742 ROUTE 30
365 SHARD VILLA RD,0.25,365 DUCLOS RD
1240 WEST ST,0.0,1240 MOUNTAIN RD
2711 B VT ROUTE 30,0.5,2711 ROUTE 30
1257 WEST ST,0.3333333333333333,1257 W St
1245 WEST ST,0.3333333333333333,1245 GREEN St
2711 VT ROUTE 30,0.6666666666666666,2711 ROUTE 30
2706 VT ROUTE 30,0.6666666666666666,2706 ROUTE 30
18 VT ROUTE 74,0.6666666666666666,18 ROUTE 74
2629 VT ROUTE 30,0.6666666666666666,2629 ROUTE 30
2598 VT ROUTE 30,0.6666666666666666,2598 ROUTE 30
1307 N BINGHAM ST,0.0,1307 UPPER NOTCH RD
2529 VT ROUTE 30,0.6666666666666666,2529 ROUTE 30
2513 VT ROUTE 30,0.6666666666666666,2513 ROUTE 30
2487 VT ROUTE 30,0.6666666666666666,2487 ROUTE 30
1333 N BINGHAM ST,0.25,1333 E St
2484 VT ROUTE 30,0.6666666666666666,2484 ROUTE 30
2440 VT ROUTE 30,0.6666666666666666,2440 ROUTE 30
2420 VT ROUTE 30,0.6666666666666666,2420 ROUTE 30
92 TILDEN RD,0.3333333333333333,92 HUNT RD
701 MORSE RD,0.3333333333333333,701 BARROWS RD
2239 VT ROUTE 30,0.6666666666666666,2239 ROUTE 30
1776 WEST ST,0.0,1776 TOWN LINE RD
179 MORSE RD,0.3333333333333333,179 MURRAY RD
2141 VT ROUTE 30,0.25,2141 ROUTE 74
2970 SOUTH ST EXT,0.0,2970 LIME KILM RD
2144 VT ROUTE 30,0.6666666666666666,2144 ROUTE 30
1017 SPERRY RD,0.3333333333333333,1017 RIDGE RD
2014 VT ROUTE 30,0.6666666666666666,2014 ROUTE 30
2035 VT ROUTE 30,0.0,2035 WEYBRIDGE RD
1876 N BINGHAM ST,0.0,1876 CARLSTROM RD
2015 VT ROUTE 30,0.6666666666666666,2015 ROUTE 30
1989 VT ROUTE 30,0.6666666666666666,1989 ROUTE 30
1974 WEST ST,0.3333333333333333,1974 W St
1952 VT ROUTE 30,0.6666666666666666,1952 ROUTE 30
2054 WEST ST,0.3333333333333333,2054 W St
1860 VT ROUTE 30,0.6666666666666666,1860 ROUTE 30
2667 SOUTH ST EXT,0.0,2667 LOWER NOTCH RD
1339 HALLADAY RD,0.3333333333333333,1339 JERUSALEM RD
529 ROBBINS RD,0.3333333333333333,529 CROSS RD
500 ROBBINS RD,0.3333333333333333,500 BURPEE RD
1762 VT ROUTE 30,0.6666666666666666,1762 ROUTE 30
1722 VT ROUTE 30,0.6666666666666666,1722 ROUTE 30
425 ROBBINS RD,0.3333333333333333,425 RIVER RD
1720 VT ROUTE 30,0.0,1720 MOUNTAIN RD
495 ROBBINS RD,0.25,495 CLARK WOODS RD
1645 VT ROUTE 30,0.6666666666666666,1645 ROUTE 30
1634 VT ROUTE 30,0.6666666666666666,1634 ROUTE 30
2367 WEST ST,0.0,2367 HAPPY VALLEY RD
1570 VT ROUTE 30,0.6666666666666666,1570 ROUTE 30
1571 VT ROUTE 30,0.6666666666666666,1571 ROUTE 30
2369 WEST ST,0.0,2369 BUTTON BAY RD
1547 VT ROUTE 30,0.6666666666666666,1547 ROUTE 30
1484 VT ROUTE 30,0.6666666666666666,1484 ROUTE 30
1488 VT ROUTE 30,0.6666666666666666,1488 ROUTE 30
1491 VT ROUTE 30,0.6666666666666666,1491 ROUTE 30
1453 VT ROUTE 30,0.25,1453 ROUTE 74E
1439 VT ROUTE 30,0.6666666666666666,1439 ROUTE 30
2565 WEST ST,0.3333333333333333,2565 W St
2546 WEST ST,0.3333333333333333,2546 W St
1383 VT ROUTE 30,0.6666666666666666,1383 ROUTE 30
1708 SPERRY RD,0.3333333333333333,1708 QUARRY RD
1364 VT ROUTE 30,0.6666666666666666,1364 ROUTE 30
1339 VT ROUTE 30,0.6666666666666666,1339 ROUTE 30
1337 VT ROUTE 30,0.5,1337 VT ROUTE 17
1283 VT ROUTE 30,0.6666666666666666,1283 ROUTE 30
736 TULLEY RD,0.0,736 LAKE ST
1239 VT ROUTE 30,0.6666666666666666,1239 ROUTE 30
1195 VT ROUTE 30,0.6666666666666666,1195 ROUTE 30
255 RIDGE RD,0.3333333333333333,255 SAND RD
325 RIDGE RD,0.25,325 MOUNT INDEPENDENCE RD
1118 VT ROUTE 30,0.25,1118 ROUTE 125
1117 VT ROUTE 30,0.6666666666666666,1117 ROUTE 30
1024 VT ROUTE 30,0.6666666666666666,1024 ROUTE 30
881 VT ROUTE 30,0.6666666666666666,881 ROUTE 30
625 VT ROUTE 30,0.6666666666666666,625 ROUTE 30
882 VT ROUTE 30,0.6666666666666666,882 ROUTE 30
761 VT ROUTE 30,0.6666666666666666,761 ROUTE 30
241 CIDER MILL RD,0.25,241 MONKTON RD
240 BEAVER BROOK RD,0.25,240 MOODY RD
687 VT ROUTE 30,0.6666666666666666,687 ROUTE 30
750 VT ROUTE 30,0.6666666666666666,750 ROUTE 30
307 FOOTE FARM RD,0.25,307 MONKTON RD
381 FOOTE FARM RD,0.25,381 TRI-TOWN RD
265 FOOTE FARM RD,0.25,265 BARNES RD
152 BURR OAK LN,0.25,152 MERINO Ln
560 VT ROUTE 30,0.6666666666666666,560 ROUTE 30
455 CIDER MILL RD,0.25,455 CAVE RD
76 BEAVER BROOK RD,0.25,76 MEIGS RD
459 CIDER MILL RD,0.2,459 QUAKER VILLAGE RD
486 CIDER MILL RD,0.25,486 ROCKYDALE RD
656 VT ROUTE 30,0.6666666666666666,656 ROUTE 30
470 FOOTE FARM RD,0.25,470 MONKTON RD
496 VT ROUTE 30,0.6666666666666666,496 ROUTE 30
455 VT ROUTE 30,0.6666666666666666,455 ROUTE 30
422 VT ROUTE 30,0.6666666666666666,422 ROUTE 30
388 VT ROUTE 30,0.6666666666666666,388 ROUTE 30
292 VT ROUTE 30,0.6666666666666666,292 ROUTE 30
286 VT ROUTE 30,0.6666666666666666,286 ROUTE 30
3855 VT ROUTE 125,0.6666666666666666,3855 ROUTE 125
256 SNAKE MOUNTAIN RD,0.25,256 N RD
2293 VT ROUTE 125,0.25,2293 ROUTE 74E
2209 VT ROUTE 125,0.6666666666666666,2209 ROUTE 125
258 SNAKE MOUNTAIN RD,0.6666666666666666,258 MOUNTAIN RD
2013 VT ROUTE 125,0.6666666666666666,2013 ROUTE 125
2170 VT ROUTE 125,0.6666666666666666,2170 ROUTE 125
1771 VT ROUTE 125,0.25,1771 ROUTE 22A
1769 VT ROUTE 125,0.6666666666666666,1769 ROUTE 125
610 SNAKE MOUNTAIN RD,0.5,610 SNAKE MTN RD
1691 VT ROUTE 125,0.6666666666666666,1691 ROUTE 125
1629 VT ROUTE 125,0.6666666666666666,1629 ROUTE 125
1512 VT ROUTE 125,0.6666666666666666,1512 ROUTE 125
1766 VT ROUTE 125,0.0,1766 ROBEROUTE YOUNG RD
1390 VT ROUTE 125,0.6666666666666666,1390 ROUTE 125
1341 VT ROUTE 125,0.6666666666666666,1341 ROUTE 125
1273 VT ROUTE 125,0.6666666666666666,1273 ROUTE 125
709 VT ROUTE 125,0.25,709 ROUTE 73E
1011 VT ROUTE 125,0.6666666666666666,1011 ROUTE 125
1086 VT ROUTE 125,0.0,1086 HOOKER RD
505 VT ROUTE 125,0.6666666666666666,505 ROUTE 125
345 VT ROUTE 125,0.0,345 FOUR WINDS RD
550 VT ROUTE 125,0.0,550 GOOSE BAY Dr
16 LEMON FAIR RD,0.25,16 MONKTON RD
152 VT ROUTE 125,0.0,152 S MAPLE St
229 COW HILL RD,0.25,229 FERRY RD
