ADDRESS,Zip Code
1896 OLD JERUSALEM RD,05769
14 CHURCH ST,05760
24 PARK LN,05753
82 OLIVER HOWE CT,05770
112 SCHOOL RD,05753
289 CROSS RD,05753
79 LEMON FAIR RD,05753
917 RIDGE RD,05753
351 CROSS RD,05753
1262 SMITH ST,05770
592 KELLEY CROSS RD,05769
8 CHURCH ST,05760
1059 SHOREHAM DEPOT RD,05760
417 KELLEY CROSS RD,05769
456 MIDDLE RD,05769
1426 W SALISBURY RD,05769
361 KELLEY CROSS RD,05769
625 LELAND RD,05769
36 N ORWELL RD,05760
99 INN RD,05770
1434 SMITH ST,05770
2 DOUGLAS RD,05753
360 DOUGLAS RD,05753
81 SUNSET ORCHARD RD,05753
805 SMITH ST,05770
507 SHACKSBORO RD,05770
2201 OLD JERUSALEM RD,05769
146 SHARD VILLA RD,05769
18 N BINGHAM ST,05753
40 RIDGE RD,05753
1501 W SALISBURY RD,05769
23 N ORWELL RD,05760
156 S BINGHAM ST,05753
288 SCHOOL ST,05770
1594 OLD JERUSALEM RD,05769
1031 CLARK RD,05753
626 SWAMP RD,05753
1471 N ORWELL RD,05770
20 STICKNEY RD,05778
1520 SPERRY RD,05753
103 CHURCH ST,05760
2577 RICHVILLE RD,05778
1256 W SALISBURY RD,05769
2707 LAKE ST,05770
2108 OLD JERUSALEM RD,05769
616 DELONG LN,05770
1505 BROWN RD,05770
1443 N ORWELL RD,05770
2432 BARNUM HILL RD,05770
694 DOOLITTLE RD,05770
127 SMITH ST,05770
382 ROBBINS RD,05753
157 APPLE TREE LN,05753
455 FISHER RD,05753
51 S BINGHAM ST,05753
1671 RIDGE RD,05753
1777 RIDGE RD,05753
1645 CIDER MILL RD,05753
394 CIDER MILL RD,05753
75 S BINGHAM ST,05753
29 JAMES RD,05753
98 SHARD VILLA RD,05769
1549 N ORWELL RD,05770
2784 RICHVILLE RD,05778
35 RICHVILLE RD,05770
107 DAME RD,05778
36 S BINGHAM ST,05753
440 DELONG LN,05770
602 MAIN ST,05760
519 ROBBINS RD,05753
145 LAKE ST,05770
260 SHACKSBORO RD,05770
172 BEAVER BROOK RD,05753
2137 N BINGHAM ST,05753
364 DELONG LN,05770
65 CHURCH ST,05760
28 N ORWELL RD,05760
7 N ORWELL RD,05760
215 SCHOOL ST,05770
653 WOOSTER RD,05778
69 SPERRY RD,05753
600 MAIN ST,05760
224 DOUGLAS RD,05753
37 SHACKSBORO RD,05770
170 NEEDHAM HILL RD,05760
1870 SHACKSBORO RD,05770
833 N BINGHAM ST,05753
1342 SMITH ST,05770
73 CHURCH ST,05760
265 DOUGLAS RD,05753
1921 N BINGHAM ST,05753
131 CHURCH ST,05760
212 PHILION RD,05770
462 SHOREHAM DEPOT RD,05778
812 WOOSTER RD,05778
628 DELONG LN,05770
86 CHURCH ST,05760
505 MAIN ST,05760
85 CHURCH ST,05760
142 PHILION RD,05770
123 DELONG RD,05753
851 CLARK RD,05753
332 MAIN ST,05770
498 W SALISBURY RD,05769
48 CREEK RD,05769
13 N ORWELL RD,05760
2375 S BINGHAM ST,05778
81 CHURCH ST,05760
479 TOTTINGHAM RD,05770
177 N ORWELL RD,05760
2767 LAKE ST,05770
1469 S BINGHAM ST,05753
63 N BINGHAM ST,05753
47 N ORWELL RD,05760
1443 RIDGE RD,05753
350 DEWEY RD,05769
163 STICKNEY RD,05778
214 DEWEY RD,05769
245 MAIN ST,05770
616 N MAIN ST,05778
4236 RICHVILLE RD,05778
279 MAIN ST,05770
55 SHOREHAM DEPOT RD,05778
29 N ORWELL RD,05760
1017 RIDGE RD,05753
1509 N ORWELL RD,05770
20 ROBBINS RD,05753
560 MAIN ST,05760
900 CIDER MILL RD,05753
770 CIDER MILL RD,05753
323 SHACKSBORO RD,05770
2011 N BINGHAM ST,05753
1332 CIDER MILL RD,05753
655 CIDER MILL RD,05753
440 DEWEY RD,05769
27 ANDRUS PITCH,05753
130 BEAVER BROOK RD,05753
703 CIDER MILL RD,05753
297 LAPHAM BAY RD,05770
896 RIDGE RD,05753
99 SUNSET ORCHARD RD,05753
1712 SPERRY RD,05753
380 ROBBINS RD,05753
457 CIDER MILL RD,05753
1019 CIDER MILL RD,05753
341 DEWEY RD,05769
1841 N BINGHAM ST,05753
881 RIDGE RD,05753
961 RIDGE RD,05753
156 N ORWELL RD,05760
23 CHURCH ST,05760
46 CHURCH ST,05760
48 CHURCH ST,05760
282 LELAND RD,05769
1788 HALLADAY RD,05753
213 MAIN ST,05770
422 DELONG LN,05770
2815 OLD JERUSALEM RD,05769
385 MAIN ST,05760
376 W SALISBURY RD,05769
384 PEET RD,05753
73 HORNBEAM HILL RD,05753
473 MAIN ST,05760
162 N ORWELL RD,05760
1121 GALVIN RD,05753
185 AUDET RD,05753
464 MAIN ST,05760
441 MAIN ST,05760
461 MAIN ST,05760
138 DELONG LN,05770
727 FISHER RD,05753
909 SMITH ST,05770
2335 OLD JERUSALEM RD,05769
308 MAIN ST,05770
406 S BINGHAM ST,05753
83 INN RD,05770
190 LEWIS RD,05770
564 CIDER MILL RD,05753
175 STICKNEY RD,05778
1454 RIDGE RD,05753
21 OLIVER HOWE CT,05770
657 N BINGHAM ST,05753
139 NEEDHAM HILL RD,05760
195 NEEDHAM HILL RD,05760
2719 LAKE ST,05770
1468 SMITH ST,05770
430 W SALISBURY RD,05769
375 DOUGLAS RD,05753
258 BUTTOLPH RD,05770
1710 SPERRY RD,05753
979 GALVIN RD,05753
64 GIBEAULT RD,05778
699 WITHERELL RD,05770
38 SCHOOL RD,05753
2155 S BINGHAM ST,05778
137 WOOSTER RD,05778
312 PEET RD,05753
1107 N BINGHAM ST,05753
1703 RIDGE RD,05753
1620 RIDGE RD,05753
1374 RIDGE RD,05753
364 BUTTOLPH RD,05770
195 LELAND RD,05769
44 SHARD VILLA RD,05753
351 GOODRICH RD,05778
1236 N BINGHAM ST,05753
39 LEMON FAIR RD,05753
1590 SPERRY RD,05753
3153 WATCH POINT RD,05770
2504 N BINGHAM ST,05753
53 OLIVER HOWE CT,05770
292 DELONG RD,05753
1078 DOOLITTLE RD,05770
878 DOOLITTLE RD,05770
1209 CIDER MILL RD,05753
315 ANGEL RD,05778
1102 SMITH ST,05770
381 W SALISBURY RD,05769
930 SHACKSBORO RD,05770
532 SHACKSBORO RD,05770
2255 BARNUM HILL RD,05770
225 AUDET RD,05753
387 S BINGHAM ST,05753
35 EDGEWOOD LN,05753
125 N BINGHAM ST,05753
262 DELONG LN,05770
332 LAPHAM BAY RD,05770
1011 GALVIN RD,05753
1571 SPERRY RD,05753
1287 N BINGHAM ST,05753
1335 N BINGHAM ST,05753
889 N ORWELL RD,05770
323 N BINGHAM ST,05753
321 N BINGHAM ST,05753
351 S BINGHAM ST,05753
1552 HALLADAY RD,05753
669 BUTTOLPH RD,05770
901 N BINGHAM ST,05753
358 SWAMP RD,05753
148 NEEDHAM HILL RD,05760
20 CHURCH ST,05760
273 LELAND RD,05769
1301 CIDER MILL RD,05753
1148 CIDER MILL RD,05753
44 OLIVER HOWE CT,05770
1447 W SALISBURY RD,05769
985 THREE MILE BRIDGE RD,05753
695 DOOLITTLE RD,05770
199 MAIN ST,05770
277 TOTTINGHAM RD,05770
469 FOOTE FARM RD,05753
138 ELMENDORF RD,05770
2298 N BINGHAM ST,05753
68 PHILION RD,05770
158 NEEDHAM HILL RD,05760
280 MAIN ST,05770
1813 HALLADAY RD,05753
51 INN RD,05770
31 HORNBEAM HILL RD,05753
13 S BINGHAM ST,05753
1272 CIDER MILL RD,05753
1674 SPERRY RD,05753
458 SWAMP RD,05753
101 S BINGHAM ST,05753
354 N MAIN ST,05778
432 ROBBINS RD,05753
73 LAKE ST,05770
1528 WOOSTER RD,05778
300 DELONG LN,05770
400 MAIN ST,05760
219 BLAKE ROY RD,05753
553 WOOSTER RD,05778
11 INN RD,05770
155 CHURCH ST,05760
201 LAPHAM BAY RD,05770
175 MAIN ST,05770
346 MORSE RD,05753
398 DOUGLAS RD,05753
1076 WOOSTER RD,05778
1079 SMITH ST,05770
410 MAIN ST,05770
239 CIDER MILL RD,05753
510 W SALISBURY RD,05769
1629 S BINGHAM ST,05778
85 CIDER MILL RD,05753
2575 S BINGHAM ST,05778
125 STICKNEY RD,05778
421 N BINGHAM ST,05753
985 N BINGHAM ST,05753
138 ANGEL RD,05778
1944 SPERRY RD,05753
825 CIDER MILL RD,05753
2156 W SALISBURY RD,05769
186 BUTTOLPH RD,05770
1447 SMITH ST,05770
1844 HALLADAY RD,05753
1299 S BINGHAM ST,05753
2505 DEWEY RD,05769
1594 N ORWELL RD,05770
1363 S BINGHAM ST,05753
8 N ORWELL RD,05760
286 HANDS COVE RD,05770
153 MAIN ST,05770
143 STICKNEY RD,05778
297 S BINGHAM ST,05753
462 S BINGHAM ST,05753
187 NEEDHAM HILL RD,05760
980 WOOSTER RD,05778
7 CHURCH ST,05760
1120 W SALISBURY RD,05769
116 CAROTHERS LN,05753
380 FOOTE FARM RD,05753
1211 SMITH ST,05770
2461 N BINGHAM ST,05753
234 SCHOOL ST,05770
362 MAIN ST,05770
1646 HALLADAY RD,05753
64 SHARD VILLA RD,05769
2150 W SALISBURY RD,05769
1683 SPERRY RD,05753
210 CIDER MILL RD,05753
517 BASIN HARBOR RD,05770
553 WITHERELL RD,05770
942 CIDER MILL RD,05753
1623 BUTTOLPH RD,05770
8 DOUGLAS RD,05753
527 MAIN ST,05760
1127 N BINGHAM ST,05753
283 LITTLEFIELD LN,05770
303 LITTLEFIELD LN,05770
168 N ORWELL RD,05760
2630 OLD JERUSALEM RD,05769
194 S BINGHAM ST,05753
905 W SALISBURY RD,05769
1131 S BINGHAM ST,05753
12 JAMES RD,05753
314 DOUGLAS RD,05753
338 DELONG RD,05753
107 FIREHOUSE RD,05770
734 WITHERELL RD,05770
131 MAIN ST,05770
52 N ORWELL RD,05760
97 LITTLEFIELD LN,05770
1563 W SALISBURY RD,05769
97 SHOREHAM DEPOT RD,05778
427 WOOSTER RD,05778
548 DELONG LN,05770
525 N BINGHAM ST,05753
1515 CIDER MILL RD,05753
746 N BINGHAM ST,05753
2663 WATCH POINT RD,05770
188 DELONG LN,05770
435 MAIN ST,05760
1087 WITHERELL RD,05770
191 MAIN ST,05770
2582 OLD JERUSALEM RD,05769
2530 OLD JERUSALEM RD,05769
647 W SALISBURY RD,05769
148 CAROTHERS LN,05753
71 INN RD,05770
2744 WATCH POINT RD,05770
436 MAIN ST,05760
494 MAIN ST,05760
961 SHOREHAM DEPOT RD,05760
297 MAIN ST,05770
23 INN RD,05770
445 SWAMP RD,05753
29 DAIGNEAULT HILL RD,05760
60 STICKNEY RD,05778
179 CIDER MILL RD,05753
1575 N ORWELL RD,05770
421 S BINGHAM ST,05753
2413 SHACKSBORO RD,05770
227 MAIN ST,05770
740 SHACKSBORO RD,05770
241 SCHOOL ST,05770
410 DELONG LN,05770
685 LAPHAM BAY RD,05770
125 MORSE RD,05753
19 N BINGHAM ST,05753
50 EDGEWOOD LN,05753
299 RIDGE RD,05753
536 W SALISBURY RD,05769
87 OLIVER HOWE CT,05770
145 NEEDHAM HILL RD,05760
2615 OLD JERUSALEM RD,05769
109 CHURCH ST,05760
68 SHACKSBORO RD,05770
1863 BUTTOLPH RD,05770
1340 S BINGHAM ST,05753
242 S BINGHAM ST,05753
143 S BINGHAM ST,05753
56 APPLE TREE LN,05753
1205 THREE MILE BRIDGE RD,05753
1565 S BINGHAM ST,05778
1033 S BINGHAM ST,05753
297 LAKE ST,05770
2207 N BINGHAM ST,05753
302 OLD SAWMILL RD,05778
298 OLD SAWMILL RD,05778
115 MAIN ST,05770
681 S BINGHAM ST,05753
378 N MAIN ST,05778
24 GIBEAULT RD,05778
1447 HALLADAY RD,05753
692 DELONG LN,05770
807 SMITH ST,05770
2665 OLD JERUSALEM RD,05769
1756 SPERRY RD,05753
415 BUTTOLPH RD,05770
790 RIDGE RD,05753
215 SUNSET ORCHARD RD,05753
114 CROSS RD,05753
178 CROSS RD,05753
2051 W SALISBURY RD,05769
1971 W SALISBURY RD,05769
384 N BINGHAM ST,05753
628 N BINGHAM ST,05753
769 N BINGHAM ST,05753
1672 SPERRY RD,05753
1265 S BINGHAM ST,05753
11 HAMBLIN RD,05753
776 RIDGE RD,05753
177 NEEDHAM HILL RD,05760
57 LAPHAM BAY RD,05770
34 FOOTE FARM RD,05753
500 RIDGE RD,05753
118 CAROTHERS LN,05753
1153 CIDER MILL RD,05753
123 PHILION RD,05770
83 PHILION RD,05770
133 STICKNEY RD,05778
3394 RICHVILLE RD,05778
997 SHOREHAM DEPOT RD,05760
59 CHURCH ST,05760
89 RIDGE RD,05753
347 LAKE ST,05770
147 CROSS RD,05753
463 DELONG RD,05753
1456 HALLADAY RD,05753
520 TOTTINGHAM RD,05770
188 AUDET RD,05753
438 WOOSTER RD,05753
380 N BINGHAM ST,05753
832 WITHERELL RD,05770
3009 RICHVILLE RD,05778
2001 OLD JERUSALEM RD,05769
75 DOUGLAS RD,05753
51 MAIN ST,05770
534 DELONG RD,05753
605 DELONG RD,05753
150 CAROTHERS LN,05753
164 NEEDHAM HILL RD,05760
2 N ORWELL RD,05760
34 CHURCH ST,05760
314 DELONG LN,05770
3 STICKNEY RD,05778
21 SMITH ST,05770
607 CIDER MILL RD,05753
648 N MAIN ST,05778
20 MOUNT INDEPENDENCE RD,05760
282 DELONG LN,05770
1260 RIDGE RD,05753
1081 RIDGE RD,05753
1302 RIDGE RD,05753
785 RIDGE RD,05753
193 SHOREHAM DEPOT RD,05778
442 KELLEY CROSS RD,05769
55 CIDER MILL RD,05753
843 TOTTINGHAM RD,05770
876 SHOREHAM DEPOT RD,05760
419 LAPHAM BAY RD,05770
1460 HALLADAY RD,05753
164 SHOREHAM DEPOT RD,05778
2195 S BINGHAM ST,05778
205 MAIN ST,05770
132 SWAMP RD,05753
1623 SMITH ST,05770
318 WITHERELL RD,05770
613 N MAIN ST,05778
323 PEET RD,05753
2841 WATCH POINT RD,05770
1041 N BINGHAM ST,05753
541 BASIN HARBOR RD,05770
75 MAIN ST,05770
724 DELONG LN,05770
172 STICKNEY RD,05778
452 LELAND RD,05769
74 MAIN ST,05770
79 SUNSET ORCHARD RD,05753
811 BUTTOLPH RD,05770
237 SHACKSBORO RD,05770
97 LAKE ST,05770
662 LELAND RD,05769
512 DELONG LN,05770
1787 SPERRY RD,05753
531 MAIN ST,05760
66 CHURCH ST,05760
619 TOTTINGHAM RD,05770
352 CIDER MILL RD,05753
1104 N BINGHAM ST,05753
1377 W SALISBURY RD,05769
773 WITHERELL RD,05770
338 DELONG LN,05770
155 NEEDHAM HILL RD,05760
1331 S BINGHAM ST,05753
1188 THREE MILE BRIDGE RD,05753
18 N ORWELL RD,05760
2769 RICHVILLE RD,05778
879 BUTTOLPH RD,05770
28 BUTTOLPH RD,05770
265 S BINGHAM ST,05753
182 NEEDHAM HILL RD,05760
1455 CIDER MILL RD,05753
8 SHARD VILLA RD,05769
888 THREE MILE BRIDGE RD,05753
2139 QUIET VALLEY RD,05770
1316 N ORWELL RD,05770
2525 SHACKSBORO RD,05770
630 SHOREHAM DEPOT RD,05778
2711 RICHVILLE RD,05778
973 S BINGHAM ST,05753
14 AUDET RD,05753
372 LAPHAM BAY RD,05770
133 EDGEWOOD LN,05753
35 SWAMP RD,05753
216 DELONG RD,05753
721 TOTTINGHAM RD,05770
160 WITHERELL RD,05770
949 CIDER MILL RD,05753
1619 HALLADAY RD,05753
272 CIDER MILL RD,05753
652 DELONG LN,05770
342 SCHOOL ST,05770
431 SHACKSBORO RD,05770
285 CIDER MILL RD,05753
308 LAPHAM BAY RD,05770
399 MAIN ST,05760
1155 CIDER MILL RD,05753
3045 W SALISBURY RD,05769
159 N BINGHAM ST,05753
77 N ORWELL RD,05760
1042 RIDGE RD,05753
1431 CIDER MILL RD,05753
123 LAMBERT LN,05753
16 ROBERTS AVE,05760
28 ROBERTS AVE,05760
37 ROBERTS AVE,05760
46 ROBERTS AVE,05760
50 ROBERTS AVE,05760
56 ROBERTS AVE,05760
1079 WEST ST,05753
1097 VT ROUTE 30,05753
1104 WEST ST,05753
1186 WEST ST,05753
12 MOUNT INDEPENDENCE RD,05760
1368 WEST ST,05753
137 COBBS CORNERS RD,05753
1397 WEST ST,05753
1399 VT ROUTE 30,05753
143 VT ROUTE 73,05770
1458 WEST ST,05753
1465 WEST ST,05753
15 DAIGNEAULT HILL RD,05760
1599 VT ROUTE 30,05753
1680 WEST ST,05753
1682 VT ROUTE 30,05753
175 COBBS CORNERS RD,05753
190 ROBBINS RD EXT,05753
1906 VT ROUTE 30,05753
1940 WEST ST,05753
2141 WEST ST,05753
2205 WEST ST,05753
2394 VT ROUTE 30,05753
268 WEST ST,05753
28 SCHOOL RD,05770
287 COBBS CORNERS RD,05753
290 COBBS CORNERS RD,05753
2901 VT ROUTE 30,05753
2949 VT ROUTE 22A,05770
2956 VT ROUTE 125,05753
2963 VT ROUTE 30,05753
3001 VT ROUTE 30,05753
3039 VT ROUTE 22A,05770
3043 VT ROUTE 30,05753
3275 VT ROUTE 22A,05770
329 WEST ST,05753
34 ROBERTS AVE,05760
3930 VT ROUTE 74 W,05770
40 NORTH RD,05778
426 WEST ST,05753
429 VT ROUTE 30,05753
433 FOOTE FARM RD,05753
45 ROBERTS AVE,05760
485 WEST ST,05753
50 VT ROUTE 73,05770
516 MAIN ST,05760
5392 VT ROUTE 30,05753
546 VT ROUTE 74 E,05770
56 VT ROUTE 73,05770
567 MAIN ST,05760
574 WEST ST,05753
582 MAIN ST,05760
584 WEST ST,05753
60 ROBERTS AVE,05760
613 WEST ST,05753
627 VT ROUTE 30,05753
776 WEST ST,05753
82 SCHOOL RD,05770
860 WEST ST,05753
88 VT ROUTE 73,05770
938 WEST ST,05753
162 NEEDHAM HILL RD,05760
160 NEEDHAM HILL RD,05760
285 VT ROUTE 22A,05760
294 VT ROUTE 22A,05760
296 VT ROUTE 22A,05760
617 VT ROUTE 73,05760
310 VT ROUTE 22A,05760
714 VT ROUTE 73,05760
613 VT ROUTE 73,05760
708 VT ROUTE 73,05760
618 VT ROUTE 73,05760
318 VT ROUTE 22A,05760
52 ROBERTS AVE,05760
54 ROBERTS AVE,05760
413 MAIN ST,05760
485 MAIN ST,05760
449 MAIN ST,05760
601 MAIN ST,05760
501 MAIN ST,05760
491 MAIN ST,05760
515 MAIN ST,05760
499 MAIN ST,05760
523 MAIN ST,05760
537 MAIN ST,05760
606 MAIN ST,05760
231 VT ROUTE 73,05760
604 MAIN ST,05760
330 VT ROUTE 22A,05760
599 MAIN ST,05760
518 MAIN ST,05760
520 MAIN ST,05760
530 MAIN ST,05760
538 MAIN ST,05760
544 MAIN ST,05760
546 MAIN ST,05760
568 MAIN ST,05760
480 MAIN ST,05760
11 N ORWELL RD,05760
498 MAIN ST,05760
344 VT ROUTE 22A,05760
174 N ORWELL RD,05760
133 VT ROUTE 73,05770
139 VT ROUTE 73,05770
108 VT ROUTE 73,05770
60 VT ROUTE 73,05770
2139 BARNUM HILL RD,05770
2150 BARNUM HILL RD,05770
2012 BARNUM HILL RD,05770
3658 VT ROUTE 74 W,05770
3595 VT ROUTE 74 W,05770
3597 VT ROUTE 74 W,05770
959 SHOREHAM DEPOT RD,05760
3593 VT ROUTE 74 W,05770
3561 VT ROUTE 74 W,05770
3591 VT ROUTE 74 W,05770
3455 VT ROUTE 74 W,05770
715 SHOREHAM DEPOT RD,05778
162 DAME RD,05778
149 DAME RD,05778
143 SHOREHAM WHITING RD,05778
176 SHOREHAM WHITING RD,05778
53 SHOREHAM WHITING RD,05778
123 SHOREHAM WHITING RD,05778
41 SHOREHAM WHITING RD,05778
15 SHOREHAM WHITING RD,05778
42 SHOREHAM WHITING RD,05778
322 SHOREHAM DEPOT RD,05778
238 SHOREHAM DEPOT RD,05778
433 HANDS COVE RD,05770
524 SMITH ST,05770
1290 N ORWELL RD,05770
3474 RICHVILLE RD,05778
803 SMITH ST,05770
1365 N ORWELL RD,05770
1358 N ORWELL RD,05770
809 SMITH ST,05770
1570 N ORWELL RD,05770
1491 N ORWELL RD,05770
1561 OLD JERUSALEM RD,05769
2213 RICHVILLE RD,05770
51 PHILION RD,05770
1750 OLD JERUSALEM RD,05769
1770 OLD JERUSALEM RD,05769
12 DEWEY RD,05769
1104 SMITH ST,05770
1321 SMITH ST,05770
1315 SMITH ST,05770
1300 SMITH ST,05770
337 SHACKSBORO RD,05770
1449 SMITH ST,05770
1527 SMITH ST,05770
791 BUTTOLPH RD,05770
893 BUTTOLPH RD,05770
848 WITHERELL RD,05770
369 WITHERELL RD,05770
277 WITHERELL RD,05770
3606 OLD JERUSALEM RD,05769
708 WITHERELL RD,05770
1050 VT ROUTE 74 W,05770
3121 WATCH POINT RD,05770
1048 VT ROUTE 74 W,05770
3091 WATCH POINT RD,05770
3066 WATCH POINT RD,05770
129 STICKNEY RD,05778
147 STICKNEY RD,05778
3549 VT ROUTE 22A,05770
3533 VT ROUTE 22A,05770
156 SCHOOL RD,05770
61 OLIVER HOWE CT,05770
130 SCHOOL RD,05770
3442 VT ROUTE 22A,05770
80 GIBEAULT RD,05778
53 FIREHOUSE RD,05770
3351 VT ROUTE 22A,05770
3327 VT ROUTE 22A,05770
1591 BUTTOLPH RD,05770
3297 VT ROUTE 22A,05770
416 MAIN ST,05770
3296 VT ROUTE 22A,05770
1613 BUTTOLPH RD,05770
65 INN RD,05770
133 LAKE ST,05770
3231 VT ROUTE 22A,05770
3205 VT ROUTE 22A,05770
3183 VT ROUTE 22A,05770
3167 VT ROUTE 22A,05770
3185 VT ROUTE 22A,05770
3101 VT ROUTE 22A,05770
3130 VT ROUTE 22A,05770
3083 VT ROUTE 22A,05770
3028 VT ROUTE 22A,05770
1875 BUTTOLPH RD,05770
2987 VT ROUTE 22A,05770
1695 SHACKSBORO RD,05770
2972 VT ROUTE 22A,05770
2936 VT ROUTE 22A,05770
474 TOTTINGHAM RD,05770
120 VT ROUTE 74 E,05770
186 VT ROUTE 74 E,05770
156 VT ROUTE 74 E,05770
118 VT ROUTE 74 E,05770
214 VT ROUTE 74 E,05770
232 VT ROUTE 74 E,05770
113 VT ROUTE 74 E,05770
314 VT ROUTE 74 E,05770
2846 VT ROUTE 22A,05770
23 VT ROUTE 74 E,05770
318 VT ROUTE 74 E,05770
2793 VT ROUTE 22A,05770
376 VT ROUTE 74 E,05770
2758 VT ROUTE 22A,05770
213 VT ROUTE 74 E,05770
2682 VT ROUTE 22A,05770
2138 SHACKSBORO RD,05770
2131 SHACKSBORO RD,05770
2445 VT ROUTE 22A,05770
652 N MAIN ST,05778
1869 LAKE ST,05770
6333 VT ROUTE 30,05753
6259 VT ROUTE 30,05753
6183 VT ROUTE 30,05753
1030 PALMER RD,05770
589 DELONG RD,05753
6039 VT ROUTE 30,05753
5979 VT ROUTE 30,05753
5949 VT ROUTE 30,05753
446 DELONG LN,05770
510 DELONG RD,05753
5842 VT ROUTE 30,05753
5840 VT ROUTE 30,05753
5835 VT ROUTE 30,05753
5774 VT ROUTE 30,05753
5777 VT ROUTE 30,05753
280 DELONG LN,05770
1874 S BINGHAM ST,05778
5680 VT ROUTE 30,05753
220 DELONG LN,05770
316 DOUGLAS RD,05753
214 LELAND RD,05769
1135 WOOSTER RD,05778
150 LELAND RD,05769
11 ANGEL RD,05778
21 ANGEL RD,05778
464 WOOSTER RD,05753
968 WOOSTER RD,05778
978 WOOSTER RD,05778
5322 VT ROUTE 30,05753
5283 VT ROUTE 30,05753
170 ANGEL RD,05778
5217 VT ROUTE 30,05753
5129 VT ROUTE 30,05753
5081 VT ROUTE 30,05753
5013 VT ROUTE 30,05753
4969 VT ROUTE 30,05753
501 LAPHAM BAY RD,05770
657 S BINGHAM ST,05753
450 VT ROUTE 22A,05770
444 S BINGHAM ST,05753
950 DOOLITTLE RD,05770
258 AUDET RD,05753
286 S BINGHAM ST,05753
2463 VT ROUTE 74,05753
2535 VT ROUTE 74,05753
2579 VT ROUTE 74,05753
4601 VT ROUTE 74 E,05770
2271 VT ROUTE 74,05753
2217 VT ROUTE 74,05753
2462 VT ROUTE 74,05753
2141 VT ROUTE 74,05753
1969 VT ROUTE 74,05753
2099 VT ROUTE 74,05753
1967 VT ROUTE 74,05753
33 WEST ST,05753
2098 VT ROUTE 74,05753
1635 VT ROUTE 74,05753
1874 VT ROUTE 74,05753
1986 VT ROUTE 74,05753
1770 VT ROUTE 74,05753
110 WEST ST,05753
1501 VT ROUTE 74,05753
2100 VT ROUTE 74,05753
2020 VT ROUTE 74,05753
294 WEST ST,05753
3372 VT ROUTE 30,05753
3356 VT ROUTE 30,05753
3354 VT ROUTE 30,05753
3220 VT ROUTE 30,05753
706 WEST ST,05753
3263 VT ROUTE 30,05753
3169 VT ROUTE 30,05753
3129 VT ROUTE 30,05753
124 LAMBERT LN,05753
3099 VT ROUTE 30,05753
3075 VT ROUTE 30,05753
2370 MIDDLE RD,05769
546 PEET RD,05753
2991 VT ROUTE 30,05753
654 PEET RD,05753
540 PEET RD,05753
2900 VT ROUTE 30,05753
2846 VT ROUTE 30,05753
23 PEET RD,05753
2742 VT ROUTE 30,05753
1240 WEST ST,05753
1257 WEST ST,05753
2711 VT ROUTE 30,05753
2706 VT ROUTE 30,05753
18 VT ROUTE 74,05753
2629 VT ROUTE 30,05753
2598 VT ROUTE 30,05753
1307 N BINGHAM ST,05753
2529 VT ROUTE 30,05753
2487 VT ROUTE 30,05753
1333 N BINGHAM ST,05753
2484 VT ROUTE 30,05753
2440 VT ROUTE 30,05753
2420 VT ROUTE 30,05753
2239 VT ROUTE 30,05753
1776 WEST ST,05753
179 MORSE RD,05753
2141 VT ROUTE 30,05753
2970 SOUTH ST EXT,05753
2144 VT ROUTE 30,05753
2014 VT ROUTE 30,05753
2035 VT ROUTE 30,05753
1876 N BINGHAM ST,05753
2015 VT ROUTE 30,05753
1989 VT ROUTE 30,05753
1974 WEST ST,05753
2819 SOUTH ST EXT,05753
1952 VT ROUTE 30,05753
2054 WEST ST,05753
1860 VT ROUTE 30,05753
2667 SOUTH ST EXT,05753
2143 WEST ST,05753
500 ROBBINS RD,05753
1762 VT ROUTE 30,05753
1722 VT ROUTE 30,05753
425 ROBBINS RD,05753
1720 VT ROUTE 30,05753
1645 VT ROUTE 30,05753
2314 WEST ST,05753
1634 VT ROUTE 30,05753
2367 WEST ST,05753
1570 VT ROUTE 30,05753
1571 VT ROUTE 30,05753
2369 WEST ST,05753
1547 VT ROUTE 30,05753
1484 VT ROUTE 30,05753
1488 VT ROUTE 30,05753
1491 VT ROUTE 30,05753
2371 WEST ST,05753
1453 VT ROUTE 30,05753
1439 VT ROUTE 30,05753
1383 VT ROUTE 30,05753
1708 SPERRY RD,05753
1364 VT ROUTE 30,05753
1339 VT ROUTE 30,05753
1337 VT ROUTE 30,05753
1283 VT ROUTE 30,05753
1239 VT ROUTE 30,05753
1195 VT ROUTE 30,05753
255 RIDGE RD,05753
325 RIDGE RD,05753
1118 VT ROUTE 30,05753
1117 VT ROUTE 30,05753
1024 VT ROUTE 30,05753
881 VT ROUTE 30,05753
625 VT ROUTE 30,05753
882 VT ROUTE 30,05753
761 VT ROUTE 30,05753
241 CIDER MILL RD,05753
687 VT ROUTE 30,05753
750 VT ROUTE 30,05753
381 FOOTE FARM RD,05753
265 FOOTE FARM RD,05753
152 BURR OAK LN,05753
560 VT ROUTE 30,05753
455 CIDER MILL RD,05753
76 BEAVER BROOK RD,05753
459 CIDER MILL RD,05753
486 CIDER MILL RD,05753
656 VT ROUTE 30,05753
470 FOOTE FARM RD,05753
496 VT ROUTE 30,05753
455 VT ROUTE 30,05753
422 VT ROUTE 30,05753
388 VT ROUTE 30,05753
2293 VT ROUTE 125,05753
2209 VT ROUTE 125,05753
2013 VT ROUTE 125,05753
2170 VT ROUTE 125,05753
2172 VT ROUTE 125,05753
1769 VT ROUTE 125,05753
1691 VT ROUTE 125,05753
1629 VT ROUTE 125,05753
1512 VT ROUTE 125,05753
1766 VT ROUTE 125,05753
1390 VT ROUTE 125,05753
1341 VT ROUTE 125,05753
1273 VT ROUTE 125,05753
1011 VT ROUTE 125,05753
16 LEMON FAIR RD,05753
